respondent_id,COMPLETED,MEMBER,NETWORK_ID,TENURE,REGION,COMMUNITY_TYPE,PRACTICE_SIZE,UNDERSTANDING,RECOMMEND,MATRIX_A1,MATRIX_A2,MATRIX_A3,MATRIX_A4,PROGRAMS_C1,PROGRAMS_C2,PROGRAMS_C3,PROGRAMS_C4,PROGRAMS_C5,PROGRAMS_C6,PROGRAMS_C7,PROGRAMS_C8,PROGRAMS_C9,PROGRAMS_C10,CHALLENGES_C1,CHALLENGES_C2,CHALLENGES_C3,CHALLENGES_C4,CHALLENGES_C5,CHALLENGES_C6,CHALLENGES_C7,CHALLENGES_C8,OPEN_INFLUENCE,OPEN_CHALLENGES,OPEN_PROGRAMS,OPEN_RECOMMEND,OPEN_ADDITIONAL
R1000,1,1,20,4,1,4,4,4,88,1,4,1,2,1,0,1,1,0,0,0,0,0,0,0,1,1,0,1,0,1,1,,,,,
R1001,1,2,17,4,1,99,3,3,88,4,3,4,4,0,0,0,1,0,0,0,1,1,0,1,0,0,0,0,1,0,0,,,It depends on the needs of each community.,,
R1002,1,1,4,3,2,2,4,4,88,4,4,5,3,0,1,0,0,0,0,0,0,0,0,1,0,0,0,0,0,0,1,No additional comments at this time.,Too much administrative burden and not enough actual support for clinics.,,Strong local leadership and good communication. I would recommend joining.,Funding feels unstable and we are worried about losing key staff.
R1003,1,1,1,5,3,2,4,5,99,4,4,6,3,0,0,0,1,0,0,0,0,1,0,1,0,1,1,0,0,1,1,Strong local leadership and good communication. I would recommend joining.,The reporting requirements are a waste of clinical time.,I am frustrated that decisions are made without consulting front line providers.,,There is a serious lack of transparency around how funds are allocated.
R1004,1,1,2,3,5,2,3,2,1,4,4,2,4,0,0,0,1,0,0,1,0,1,1,0,1,0,0,1,0,0,0,No additional comments at this time.,There is a serious lack of transparency around how funds are allocated.,,,Our practice facilitator has been outstanding and made real improvements.
R1005,0,1,12,4,3,2,3,4,1,5,4,6,3,0,0,0,0,0,0,1,1,0,0,0,1,0,1,0,0,0,1,,,No additional comments at this time.,,No additional comments at this time.
R1006,1,1,4,3,3,3,4,3,1,4,3,1,2,0,0,0,1,1,0,0,0,0,0,1,0,1,0,0,0,0,0,The after hours program works well and reduces pressure on our clinic.,,,,There is a serious lack of transparency around how funds are allocated.
R1007,1,2,5,3,2,99,4,4,1,3,5,3,1,1,1,0,1,1,0,1,0,1,0,0,0,0,0,0,0,0,0,,,,,
R1008,1,1,17,3,4,99,4,3,1,6,3,5,3,0,0,1,0,0,0,0,1,0,0,0,0,1,1,0,0,1,0,,Our practice facilitator has been outstanding and made real improvements.,,,
R1009,1,1,18,2,3,3,1,4,1,4,6,1,4,0,0,0,0,1,0,0,0,0,0,1,0,0,0,1,0,0,1,More information sessions would be useful.,,Our practice facilitator has been outstanding and made real improvements.,Strong local leadership and good communication. I would recommend joining.,Honestly the transition has been chaotic and morale is terrible.
R1010,1,1,17,1,4,4,3,3,88,7,3,1,5,1,0,0,0,0,0,1,1,1,0,1,0,0,0,1,0,0,0,,The reporting requirements are a waste of clinical time.,Helpful onboarding and great support from the network office.,Our practice facilitator has been outstanding and made real improvements.,
R1011,1,1,6,4,5,4,2,3,1,6,4,1,2,1,1,0,1,1,0,0,0,1,0,1,0,0,0,0,0,0,0,,,Our clinic recently changed locations so it is hard to compare.,,
R1012,1,1,13,4,2,4,4,5,88,5,4,3,2,0,0,0,0,0,0,0,0,1,0,0,0,0,0,0,0,0,0,,Communication from the program has been poor and confusing.,,,
R1013,1,1,13,4,1,2,3,3,2,4,5,5,4,0,0,0,0,0,0,0,1,1,1,0,0,1,1,1,0,0,1,Access to allied health staff has been excellent and my patients benefit.,The reporting requirements are a waste of clinical time.,There is a serious lack of transparency around how funds are allocated.,Too much administrative burden and not enough actual support for clinics.,
R1014,1,1,4,1,2,3,3,5,1,4,2,2,3,1,1,1,1,0,0,0,0,1,0,0,0,1,1,1,0,1,0,Communication from the program has been poor and confusing.,Strong local leadership and good communication. I would recommend joining.,,More information sessions would be useful.,There is a serious lack of transparency around how funds are allocated.
R1015,1,2,12,3,2,4,2,99,2,3,5,2,3,1,0,0,1,0,0,1,0,1,1,0,0,0,1,0,0,0,0,,,,,
R1016,1,1,11,2,5,2,2,5,1,4,4,4,6,0,1,0,1,0,0,0,0,1,0,1,0,0,0,0,0,0,0,,The reporting requirements are a waste of clinical time.,The after hours program works well and reduces pressure on our clinic.,,
R1017,1,1,8,5,2,3,3,2,1,4,4,2,4,1,0,0,1,0,0,0,0,1,0,0,0,0,0,0,0,0,1,,,Our practice facilitator has been outstanding and made real improvements.,,The after hours program works well and reduces pressure on our clinic.
R1018,1,2,16,5,4,99,2,4,1,4,4,4,3,0,0,1,1,0,0,0,1,1,1,0,0,0,1,1,0,0,0,,,Too much administrative burden and not enough actual support for clinics.,Our clinic recently changed locations so it is hard to compare.,
R1019,1,1,14,2,3,99,1,1,88,5,1,6,7,0,0,1,0,0,1,1,0,0,1,0,0,1,0,0,1,0,0,I am frustrated that decisions are made without consulting front line providers.,,,There is a serious lack of transparency around how funds are allocated.,Strong local leadership and good communication. I would recommend joining.
R1020,1,1,11,4,2,4,4,3,1,2,4,4,2,1,0,0,0,0,0,0,1,0,0,0,1,0,1,0,0,0,1,Our practice facilitator has been outstanding and made real improvements.,Communication from the program has been poor and confusing.,,,
R1021,1,2,15,2,2,4,4,5,1,3,3,5,6,1,0,0,1,1,0,0,0,0,0,1,0,0,0,1,0,0,0,There is a serious lack of transparency around how funds are allocated.,,The reporting requirements are a waste of clinical time.,The reporting requirements are a waste of clinical time.,More information sessions would be useful.
R1022,0,1,16,2,4,2,2,4,2,4,3,3,4,1,0,0,0,0,0,0,0,1,1,1,0,1,0,0,0,1,0,,,Strong local leadership and good communication. I would recommend joining.,,I would like to see how the new model works before commenting.
R1023,1,1,12,2,4,2,2,3,1,4,4,5,4,0,1,1,1,1,0,0,0,0,1,0,0,0,0,1,0,0,1,Helpful onboarding and great support from the network office.,,Access to allied health staff has been excellent and my patients benefit.,Access to allied health staff has been excellent and my patients benefit.,
R1024,1,1,6,2,2,3,88,3,1,2,4,2,6,0,0,1,1,0,0,0,0,0,0,0,0,0,1,0,0,0,0,I would like to see how the new model works before commenting.,,,More information sessions would be useful.,Honestly the transition has been chaotic and morale is terrible.
R1025,1,1,16,4,2,3,3,4,1,2,2,1,4,0,0,1,0,0,0,0,1,1,0,0,1,0,0,0,0,0,0,,The team-based supports have genuinely improved care for my patients.,,,The after hours program works well and reduces pressure on our clinic.
R1026,1,1,15,5,4,3,3,4,1,5,2,4,3,0,0,0,1,0,0,0,0,0,0,0,0,0,0,1,0,0,0,Our practice facilitator has been outstanding and made real improvements.,Communication from the program has been poor and confusing.,,,
R1027,1,1,20,2,1,4,2,3,2,4,3,1,3,0,0,0,0,0,0,0,0,0,0,1,0,0,1,1,1,0,1,Communication from the program has been poor and confusing.,The reporting requirements are a waste of clinical time.,The team-based supports have genuinely improved care for my patients.,,
R1028,1,2,3,4,5,3,2,5,1,1,3,5,4,0,0,0,1,0,0,1,0,0,0,1,0,0,0,1,0,0,1,It depends on the needs of each community.,Communication from the program has been poor and confusing.,,,
R1029,1,1,9,4,2,4,1,3,1,1,4,4,4,0,0,0,1,1,1,0,0,0,0,0,0,0,0,1,0,0,0,,,No additional comments at this time.,The reporting requirements are a waste of clinical time.,I am frustrated that decisions are made without consulting front line providers.
R1030,1,1,19,88,1,2,4,2,1,4,3,6,3,1,0,0,1,0,0,0,1,1,1,1,1,0,1,0,1,0,0,,,,,
R1031,0,1,11,4,3,2,1,4,1,2,5,3,4,0,0,0,1,1,0,0,0,0,0,0,0,0,1,0,0,0,0,There is a serious lack of transparency around how funds are allocated.,,More information sessions would be useful.,Access to allied health staff has been excellent and my patients benefit.,Helpful onboarding and great support from the network office.
R1032,1,1,19,2,3,1,1,99,1,4,3,3,4,0,0,0,0,0,0,0,0,0,1,0,0,0,0,0,1,0,0,Strong local leadership and good communication. I would recommend joining.,,,,I am frustrated that decisions are made without consulting front line providers.
R1033,1,1,1,4,3,2,4,3,1,5,2,4,3,1,0,1,0,0,0,1,0,1,1,0,0,1,1,1,0,0,0,,,Access to allied health staff has been excellent and my patients benefit.,,
R1034,1,99,1,3,2,4,4,3,1,3,5,3,1,0,1,1,1,0,0,1,0,0,1,0,0,0,1,0,0,0,0,There is a serious lack of transparency around how funds are allocated.,,I am frustrated that decisions are made without consulting front line providers.,,Our clinic recently changed locations so it is hard to compare.
R1035,1,1,16,88,5,3,4,2,1,4,3,4,3,1,0,1,1,1,1,1,1,0,0,0,0,0,0,1,1,0,0,Our practice facilitator has been outstanding and made real improvements.,I am frustrated that decisions are made without consulting front line providers.,,,The team-based supports have genuinely improved care for my patients.
R1036,1,1,8,3,3,2,3,5,1,2,4,4,1,0,0,0,0,0,1,0,0,1,0,1,0,1,0,1,0,0,0,,Our clinic recently changed locations so it is hard to compare.,,Access to allied health staff has been excellent and my patients benefit.,Helpful onboarding and great support from the network office.
R1037,1,1,11,4,3,4,3,3,1,3,6,6,2,0,0,0,0,0,0,0,0,1,0,1,0,0,1,1,1,1,0,Access to allied health staff has been excellent and my patients benefit.,,Our clinic recently changed locations so it is hard to compare.,No additional comments at this time.,Funding feels unstable and we are worried about losing key staff.
R1038,1,1,9,1,2,3,3,3,2,5,6,4,3,1,0,0,1,0,0,0,0,1,0,0,0,0,0,1,0,0,0,,Helpful onboarding and great support from the network office.,The team-based supports have genuinely improved care for my patients.,Access to allied health staff has been excellent and my patients benefit.,It depends on the needs of each community.
R1039,1,2,9,3,1,1,2,99,88,4,4,2,2,0,0,0,1,0,0,1,0,1,0,1,1,1,1,0,1,0,0,Too much administrative burden and not enough actual support for clinics.,,The after hours program works well and reduces pressure on our clinic.,Our clinic recently changed locations so it is hard to compare.,
R1040,1,1,19,5,3,2,3,1,1,5,2,3,3,1,1,0,1,1,0,0,1,1,0,0,0,0,0,0,0,0,0,,,The reporting requirements are a waste of clinical time.,Communication from the program has been poor and confusing.,Communication from the program has been poor and confusing.
R1041,1,1,2,4,2,2,3,4,88,3,4,4,4,1,1,0,1,1,0,1,0,0,0,0,0,0,0,1,0,0,0,,It depends on the needs of each community.,No additional comments at this time.,More information sessions would be useful.,Our practice facilitator has been outstanding and made real improvements.
R1042,1,1,16,3,3,4,3,3,1,3,7,2,3,0,0,0,1,1,1,0,0,1,0,0,0,0,0,0,0,0,0,Our clinic recently changed locations so it is hard to compare.,No additional comments at this time.,The team-based supports have genuinely improved care for my patients.,Our practice facilitator has been outstanding and made real improvements.,Helpful onboarding and great support from the network office.
R1043,1,1,18,5,1,2,4,4,1,4,6,3,7,1,0,1,1,1,0,0,0,1,1,0,0,0,0,0,1,0,0,Honestly the transition has been chaotic and morale is terrible.,Access to allied health staff has been excellent and my patients benefit.,The after hours program works well and reduces pressure on our clinic.,I am frustrated that decisions are made without consulting front line providers.,
R1044,1,99,14,5,5,1,99,3,2,4,2,3,6,1,0,0,1,1,0,1,1,0,1,0,0,0,1,1,0,0,0,Honestly the transition has been chaotic and morale is terrible.,The team-based supports have genuinely improved care for my patients.,More information sessions would be useful.,Strong local leadership and good communication. I would recommend joining.,The team-based supports have genuinely improved care for my patients.
R1045,1,1,8,3,3,1,1,3,2,7,4,2,4,1,0,1,1,0,0,0,1,1,0,1,0,0,0,0,0,0,1,Access to allied health staff has been excellent and my patients benefit.,,,It depends on the needs of each community.,
R1046,1,1,4,4,4,3,2,2,88,2,3,3,6,0,0,1,1,0,0,0,0,0,1,1,0,0,1,0,1,1,1,Our practice facilitator has been outstanding and made real improvements.,The after hours program works well and reduces pressure on our clinic.,,Funding feels unstable and we are worried about losing key staff.,
R1047,1,1,14,3,3,1,2,4,1,5,2,2,5,0,0,1,0,0,1,0,0,1,0,0,1,1,0,0,0,0,1,,Too much administrative burden and not enough actual support for clinics.,Funding feels unstable and we are worried about losing key staff.,,No additional comments at this time.
R1048,1,1,10,4,1,4,2,4,2,5,4,4,3,1,0,0,0,0,0,1,0,1,0,1,0,0,1,0,0,0,0,,,,,
R1049,1,1,3,3,4,2,2,2,1,4,3,2,4,0,0,1,1,0,0,0,0,1,1,0,0,0,1,1,0,0,1,,,There is a serious lack of transparency around how funds are allocated.,The team-based supports have genuinely improved care for my patients.,
R1050,1,88,8,2,3,4,2,3,1,3,3,4,2,0,0,1,1,0,1,1,0,0,0,1,1,0,0,0,0,0,0,I am frustrated that decisions are made without consulting front line providers.,More information sessions would be useful.,,Helpful onboarding and great support from the network office.,Access to allied health staff has been excellent and my patients benefit.
R1051,1,1,20,5,4,3,4,5,1,4,2,2,4,0,0,1,1,1,0,0,1,1,0,0,0,1,0,0,0,0,0,Communication from the program has been poor and confusing.,,,Too much administrative burden and not enough actual support for clinics.,
R1052,1,1,6,5,2,3,3,1,99,3,4,5,3,0,0,0,0,1,0,0,1,1,0,0,0,0,1,0,0,0,0,No additional comments at this time.,,,More information sessions would be useful.,Funding feels unstable and we are worried about losing key staff.
R1053,1,1,4,5,3,1,4,3,1,5,3,1,1,0,0,0,0,0,0,0,0,0,0,1,0,0,1,1,0,0,0,,,The reporting requirements are a waste of clinical time.,The team-based supports have genuinely improved care for my patients.,
R1054,1,1,14,88,4,4,1,4,2,4,4,4,3,0,0,1,1,1,0,0,0,0,0,0,0,0,0,1,0,0,0,Strong local leadership and good communication. I would recommend joining.,Communication from the program has been poor and confusing.,,,
R1055,1,88,4,4,3,4,1,3,1,6,3,3,6,0,1,0,0,0,0,1,0,1,0,0,0,0,0,0,0,0,0,,,Too much administrative burden and not enough actual support for clinics.,,
R1056,1,1,19,5,2,1,3,3,2,4,6,2,3,0,0,0,0,0,0,1,0,0,0,0,0,0,1,0,0,0,1,Honestly the transition has been chaotic and morale is terrible.,,,No additional comments at this time.,The reporting requirements are a waste of clinical time.
R1057,1,1,18,5,4,2,1,3,2,4,3,3,2,1,0,0,0,0,0,1,0,1,0,0,0,1,0,0,0,0,0,,I am frustrated that decisions are made without consulting front line providers.,,,
R1058,1,1,20,3,4,4,2,2,88,4,4,5,2,0,0,0,1,0,1,1,0,1,0,0,0,0,0,0,0,1,0,The after hours program works well and reduces pressure on our clinic.,,,,
R1059,1,1,19,3,5,3,99,3,1,4,3,6,3,0,0,0,1,0,0,0,1,0,0,0,0,0,0,0,0,0,1,,,There is a serious lack of transparency around how funds are allocated.,I am frustrated that decisions are made without consulting front line providers.,
R1060,1,1,5,2,2,2,2,4,1,5,2,3,5,0,0,1,0,0,1,0,0,1,1,1,0,0,0,0,0,0,0,,It depends on the needs of each community.,I am frustrated that decisions are made without consulting front line providers.,Honestly the transition has been chaotic and morale is terrible.,
R1061,1,1,5,4,2,2,2,4,1,3,3,2,4,0,0,1,1,0,1,1,1,0,1,0,0,0,1,0,0,0,0,,,,There is a serious lack of transparency around how funds are allocated.,
R1062,1,1,7,2,4,4,3,2,1,6,2,4,3,1,0,1,0,0,0,0,0,1,0,0,0,0,0,0,0,0,0,,,,,
R1063,1,1,10,2,3,4,3,5,1,5,2,4,3,1,0,0,0,1,0,1,0,1,1,0,0,0,1,0,0,0,0,I would like to see how the new model works before commenting.,Funding feels unstable and we are worried about losing key staff.,The reporting requirements are a waste of clinical time.,Our practice facilitator has been outstanding and made real improvements.,More information sessions would be useful.
R1064,1,1,18,4,4,3,3,2,1,5,4,2,1,0,0,0,1,0,0,0,0,0,0,1,0,0,0,0,1,0,1,,The reporting requirements are a waste of clinical time.,,The reporting requirements are a waste of clinical time.,The team-based supports have genuinely improved care for my patients.
R1065,1,1,15,3,3,4,2,4,1,4,4,4,3,0,0,0,1,0,0,0,1,1,0,1,1,0,0,0,0,0,1,,Strong local leadership and good communication. I would recommend joining.,,,There is a serious lack of transparency around how funds are allocated.
R1066,1,1,13,2,2,3,4,3,1,5,2,3,5,0,0,0,1,0,0,0,0,0,0,0,0,0,0,1,1,0,1,,Our clinic recently changed locations so it is hard to compare.,,,The team-based supports have genuinely improved care for my patients.
R1067,1,1,18,5,4,2,2,4,1,3,4,4,4,0,0,0,1,0,0,0,0,1,0,0,0,0,0,0,0,1,0,,,,Helpful onboarding and great support from the network office.,Communication from the program has been poor and confusing.
R1068,1,1,13,5,1,3,3,2,88,4,4,3,3,0,0,0,0,0,0,0,0,0,1,0,1,0,1,0,0,1,1,Too much administrative burden and not enough actual support for clinics.,,More information sessions would be useful.,Funding feels unstable and we are worried about losing key staff.,I would like to see how the new model works before commenting.
R1069,1,1,8,2,2,2,3,2,1,2,3,3,4,0,0,1,0,0,0,0,0,1,1,0,1,0,1,1,1,0,1,,No additional comments at this time.,,The reporting requirements are a waste of clinical time.,The reporting requirements are a waste of clinical time.
R1070,1,1,9,1,3,2,4,3,99,3,4,2,3,0,0,0,1,0,0,0,0,1,0,0,0,0,1,0,0,1,0,The team-based supports have genuinely improved care for my patients.,,Strong local leadership and good communication. I would recommend joining.,Funding feels unstable and we are worried about losing key staff.,More information sessions would be useful.
R1071,1,1,11,3,4,1,2,1,99,4,2,4,4,0,0,0,0,0,0,0,0,0,0,0,0,1,0,1,0,1,0,,,The team-based supports have genuinely improved care for my patients.,Access to allied health staff has been excellent and my patients benefit.,
R1072,1,1,2,5,4,2,3,3,1,3,3,2,4,0,0,0,1,0,0,0,0,1,0,1,0,1,0,0,0,0,0,,,Our practice facilitator has been outstanding and made real improvements.,Our practice facilitator has been outstanding and made real improvements.,The team-based supports have genuinely improved care for my patients.
R1073,1,1,15,5,2,4,1,4,2,3,4,4,4,0,0,0,0,0,0,0,1,0,0,0,0,1,0,1,0,0,0,Funding feels unstable and we are worried about losing key staff.,Too much administrative burden and not enough actual support for clinics.,,,Honestly the transition has been chaotic and morale is terrible.
R1074,1,1,14,2,1,1,2,4,1,5,7,5,4,0,0,0,1,0,1,0,0,1,0,1,0,1,1,0,0,0,1,More information sessions would be useful.,,There is a serious lack of transparency around how funds are allocated.,,Our clinic recently changed locations so it is hard to compare.
R1075,1,1,15,5,5,3,1,2,2,3,7,4,6,0,0,0,0,0,1,1,0,0,1,0,0,0,0,0,0,0,0,More information sessions would be useful.,The team-based supports have genuinely improved care for my patients.,,Funding feels unstable and we are worried about losing key staff.,Too much administrative burden and not enough actual support for clinics.
R1076,1,1,11,2,1,4,4,5,1,4,6,1,3,0,0,0,0,0,0,0,0,1,1,0,0,0,0,1,0,0,0,,,The after hours program works well and reduces pressure on our clinic.,,
R1077,1,1,16,3,2,4,2,4,1,2,4,3,1,0,0,0,1,0,0,0,0,0,1,1,0,0,0,1,0,0,1,The team-based supports have genuinely improved care for my patients.,,Our practice facilitator has been outstanding and made real improvements.,,Communication from the program has been poor and confusing.
R1078,1,1,19,99,2,4,4,5,1,4,2,3,3,0,0,1,0,0,0,0,1,0,0,1,1,1,0,0,0,1,0,,,The after hours program works well and reduces pressure on our clinic.,,
R1079,1,1,12,2,3,4,1,4,1,5,3,4,4,0,0,0,0,0,0,0,0,1,0,0,0,0,1,1,0,0,0,,,No additional comments at this time.,Communication from the program has been poor and confusing.,I am frustrated that decisions are made without consulting front line providers.
R1080,1,1,9,2,4,4,4,4,99,3,3,6,4,1,0,0,1,0,0,0,0,1,0,1,0,0,0,0,0,1,1,,It depends on the needs of each community.,,,
R1081,1,1,3,3,4,1,4,3,2,4,1,3,4,1,0,0,0,0,0,0,1,1,1,0,0,0,1,1,0,0,1,Helpful onboarding and great support from the network office.,Funding feels unstable and we are worried about losing key staff.,,Our clinic recently changed locations so it is hard to compare.,
R1082,1,1,16,4,4,3,1,4,2,5,2,5,4,0,0,0,0,0,0,0,0,1,0,0,0,0,0,1,1,0,0,,,Our practice facilitator has been outstanding and made real improvements.,,It depends on the needs of each community.
R1083,1,1,19,5,1,4,1,5,99,5,4,2,3,0,0,0,0,0,0,0,0,0,0,1,0,0,0,0,0,0,0,I would like to see how the new model works before commenting.,,,,The after hours program works well and reduces pressure on our clinic.
R1084,1,1,14,99,2,2,1,2,2,3,3,3,4,1,0,1,1,0,0,0,0,1,0,1,0,0,0,1,1,0,1,More information sessions would be useful.,,,,
R1085,1,1,18,1,3,1,4,3,1,4,3,1,4,1,0,1,0,1,1,0,0,0,1,0,0,0,1,1,0,0,1,,,,There is a serious lack of transparency around how funds are allocated.,
R1086,1,1,18,2,1,2,2,2,88,5,4,4,3,0,0,0,0,1,0,0,0,0,1,1,0,1,0,1,0,0,0,Our practice facilitator has been outstanding and made real improvements.,,,,
R1087,1,1,16,5,2,3,3,5,1,3,3,2,3,0,0,0,0,1,0,0,0,1,1,1,0,0,0,0,0,0,0,,,,Honestly the transition has been chaotic and morale is terrible.,
R1088,1,1,11,2,2,3,3,3,1,5,5,3,2,0,1,0,1,0,1,0,0,1,0,0,0,0,1,1,1,0,0,,I would like to see how the new model works before commenting.,,The reporting requirements are a waste of clinical time.,
R1089,1,2,2,5,1,2,4,4,1,3,3,4,3,0,0,0,1,0,0,1,0,0,1,0,0,0,0,0,1,0,1,Access to allied health staff has been excellent and my patients benefit.,Our clinic recently changed locations so it is hard to compare.,,No additional comments at this time.,
R1090,1,2,1,4,3,4,3,5,88,5,4,4,4,0,0,0,0,0,0,0,1,0,0,0,0,0,0,0,0,0,1,,,There is a serious lack of transparency around how funds are allocated.,The reporting requirements are a waste of clinical time.,Our practice facilitator has been outstanding and made real improvements.
R1091,1,1,5,2,4,4,3,99,1,2,3,1,5,0,0,1,1,0,0,0,0,1,0,0,0,0,0,1,0,0,0,Helpful onboarding and great support from the network office.,,,,Access to allied health staff has been excellent and my patients benefit.
R1092,1,1,9,5,1,2,99,2,1,1,4,1,4,0,0,0,1,0,1,0,0,0,0,1,0,0,0,0,0,0,0,,The team-based supports have genuinely improved care for my patients.,,It depends on the needs of each community.,I would like to see how the new model works before commenting.
R1093,1,1,15,2,3,4,2,4,1,7,3,3,3,0,0,0,1,0,0,0,0,0,0,0,0,0,1,1,0,1,1,,,,The after hours program works well and reduces pressure on our clinic.,Access to allied health staff has been excellent and my patients benefit.
R1094,1,1,10,3,4,1,4,5,1,5,3,3,4,0,1,0,0,0,0,0,0,0,0,1,0,0,1,0,0,0,0,,,,Our clinic recently changed locations so it is hard to compare.,
R1095,1,2,1,4,4,4,1,1,1,5,4,2,4,1,0,0,1,0,0,1,0,0,1,0,0,0,1,0,0,1,0,,,,The reporting requirements are a waste of clinical time.,
R1096,1,1,5,3,4,4,3,4,2,6,3,4,3,0,0,1,0,0,0,1,0,0,0,1,0,1,1,1,1,0,0,,Funding feels unstable and we are worried about losing key staff.,,I would like to see how the new model works before commenting.,There is a serious lack of transparency around how funds are allocated.
R1097,1,1,20,4,2,1,4,3,88,4,3,2,5,0,0,0,0,0,0,0,1,1,0,1,0,0,1,0,0,0,0,There is a serious lack of transparency around how funds are allocated.,,,,
R1098,1,1,20,4,4,4,3,4,1,3,6,4,2,0,0,0,0,1,0,0,1,0,1,1,0,0,0,0,0,1,1,,I would like to see how the new model works before commenting.,The team-based supports have genuinely improved care for my patients.,Too much administrative burden and not enough actual support for clinics.,Too much administrative burden and not enough actual support for clinics.
R1099,0,2,8,99,2,88,3,3,1,2,2,3,1,1,0,0,0,0,0,1,1,0,1,1,0,0,0,0,1,1,0,,,,,
R1100,1,1,17,99,2,4,2,3,1,4,4,2,2,0,0,1,1,0,0,0,0,1,0,1,0,0,0,0,0,0,0,Access to allied health staff has been excellent and my patients benefit.,,,,There is a serious lack of transparency around how funds are allocated.
R1101,1,1,15,3,1,88,3,2,1,3,4,2,2,0,0,0,0,1,0,0,0,1,0,0,0,1,1,0,0,0,1,Access to allied health staff has been excellent and my patients benefit.,,,There is a serious lack of transparency around how funds are allocated.,
R1102,1,1,19,1,3,3,2,2,1,6,3,2,5,0,0,0,1,0,0,1,0,1,0,1,0,0,1,0,0,0,1,It depends on the needs of each community.,Funding feels unstable and we are worried about losing key staff.,,,I am frustrated that decisions are made without consulting front line providers.
R1103,0,1,18,4,2,1,3,2,2,1,4,1,3,1,0,0,0,0,0,0,0,1,0,1,0,0,1,1,1,0,0,,The reporting requirements are a waste of clinical time.,,,
R1104,1,1,13,88,2,4,3,4,1,2,2,3,3,1,0,0,1,0,0,0,0,1,1,0,0,0,0,1,0,1,0,Communication from the program has been poor and confusing.,,,,
R1105,1,1,8,2,4,4,2,3,1,3,4,6,3,1,1,1,0,0,0,0,0,1,0,0,0,0,0,1,0,0,1,Strong local leadership and good communication. I would recommend joining.,Too much administrative burden and not enough actual support for clinics.,,,It depends on the needs of each community.
R1106,1,1,13,3,2,4,2,3,1,3,3,5,3,1,0,0,0,0,1,0,0,1,0,1,0,0,1,0,0,0,0,Honestly the transition has been chaotic and morale is terrible.,,Too much administrative burden and not enough actual support for clinics.,,The reporting requirements are a waste of clinical time.
R1107,1,2,7,3,2,3,2,4,1,3,3,3,3,0,1,0,1,1,1,0,0,1,0,0,1,0,0,1,0,0,0,,,,Too much administrative burden and not enough actual support for clinics.,
R1108,1,2,7,1,1,3,2,4,1,4,3,4,2,0,0,0,0,1,0,0,0,1,0,0,0,0,0,0,0,0,0,,,,I am frustrated that decisions are made without consulting front line providers.,
R1109,1,1,13,4,2,2,2,3,88,3,5,4,4,0,1,0,1,1,0,0,0,0,0,0,0,0,0,1,1,0,0,Access to allied health staff has been excellent and my patients benefit.,,,,Funding feels unstable and we are worried about losing key staff.
R1110,1,1,12,3,2,4,4,5,2,4,5,5,2,1,0,0,1,1,0,0,0,1,1,0,0,0,0,0,0,0,1,Helpful onboarding and great support from the network office.,,,,
R1111,1,1,12,5,2,1,3,3,88,5,6,2,4,1,0,1,1,0,0,0,0,1,0,0,0,0,1,1,0,1,0,,,Communication from the program has been poor and confusing.,,I am frustrated that decisions are made without consulting front line providers.
R1112,1,1,8,5,2,4,2,4,88,4,4,3,3,0,0,0,1,1,0,1,0,0,1,0,0,0,1,0,0,0,0,Too much administrative burden and not enough actual support for clinics.,It depends on the needs of each community.,,Funding feels unstable and we are worried about losing key staff.,
R1113,1,1,9,5,4,4,3,2,1,4,4,3,4,1,1,0,0,0,1,0,0,1,0,1,0,0,1,0,0,0,0,,Our clinic recently changed locations so it is hard to compare.,It depends on the needs of each community.,,
R1114,1,88,1,3,5,3,4,4,88,3,4,1,5,0,0,0,0,0,0,1,1,0,1,0,0,0,0,1,0,0,0,,Honestly the transition has been chaotic and morale is terrible.,,No additional comments at this time.,The reporting requirements are a waste of clinical time.
R1115,1,99,13,3,3,3,2,99,1,2,5,3,2,0,0,0,1,1,0,0,0,0,0,0,0,0,0,0,0,0,0,,,,,
R1116,1,1,12,4,3,2,2,5,1,3,4,5,2,0,0,0,0,1,1,0,0,1,0,1,0,0,1,1,0,0,1,Access to allied health staff has been excellent and my patients benefit.,,Strong local leadership and good communication. I would recommend joining.,,I am frustrated that decisions are made without consulting front line providers.
R1117,1,1,19,5,4,88,1,4,1,6,3,6,6,1,0,0,0,1,0,0,0,0,0,1,0,0,0,1,0,0,0,,Communication from the program has been poor and confusing.,,Funding feels unstable and we are worried about losing key staff.,
R1118,1,1,11,3,5,4,1,4,1,4,4,2,3,1,1,0,0,0,0,0,0,0,0,0,0,0,0,0,0,1,0,Strong local leadership and good communication. I would recommend joining.,,Our practice facilitator has been outstanding and made real improvements.,More information sessions would be useful.,No additional comments at this time.
R1119,1,1,10,5,3,2,4,3,1,3,4,3,4,0,0,0,1,0,0,0,1,0,1,0,0,0,1,0,0,1,0,,I would like to see how the new model works before commenting.,,,
R1120,1,1,2,2,4,2,99,4,1,4,2,3,1,1,0,1,0,0,0,1,0,1,1,1,0,0,0,0,1,1,1,,The after hours program works well and reduces pressure on our clinic.,Our practice facilitator has been outstanding and made real improvements.,I am frustrated that decisions are made without consulting front line providers.,
R1121,1,1,4,5,5,2,1,4,2,5,4,3,3,1,0,0,1,0,1,1,1,0,0,1,0,0,0,1,1,1,0,,,Access to allied health staff has been excellent and my patients benefit.,,No additional comments at this time.
R1122,1,1,7,1,4,3,4,99,2,4,3,4,4,1,0,0,0,1,0,1,1,1,0,0,0,0,1,1,0,0,1,The reporting requirements are a waste of clinical time.,Our practice facilitator has been outstanding and made real improvements.,,,I would like to see how the new model works before commenting.
R1123,1,1,8,2,3,4,1,3,1,4,5,1,5,1,0,0,0,1,0,0,0,1,0,0,1,0,0,0,0,0,0,,Helpful onboarding and great support from the network office.,,More information sessions would be useful.,
R1124,1,1,8,4,1,4,3,2,1,5,4,5,3,0,0,0,0,0,0,0,0,1,0,1,0,0,0,1,0,0,0,,,,Strong local leadership and good communication. I would recommend joining.,
R1125,1,1,8,1,1,2,4,4,2,4,5,6,4,1,0,0,1,0,1,0,0,1,1,1,0,0,0,0,0,1,0,,The team-based supports have genuinely improved care for my patients.,The after hours program works well and reduces pressure on our clinic.,,Funding feels unstable and we are worried about losing key staff.
R1126,1,1,16,1,3,4,2,2,1,4,4,4,4,0,0,0,1,0,0,0,0,1,0,0,0,0,1,0,0,0,0,,Strong local leadership and good communication. I would recommend joining.,Honestly the transition has been chaotic and morale is terrible.,,Our clinic recently changed locations so it is hard to compare.
R1127,1,2,3,1,3,2,1,3,1,3,5,4,2,1,1,0,0,0,0,1,0,0,1,1,0,0,0,1,0,0,1,,,No additional comments at this time.,,
R1128,1,99,7,3,2,4,3,3,1,2,2,4,3,0,0,1,1,0,0,1,0,1,0,1,0,0,0,1,1,0,1,It depends on the needs of each community.,,Strong local leadership and good communication. I would recommend joining.,I am frustrated that decisions are made without consulting front line providers.,No additional comments at this time.
R1129,1,1,4,5,3,2,99,4,1,6,6,3,3,1,0,1,1,1,1,0,0,1,1,1,0,0,0,0,0,0,0,,Honestly the transition has been chaotic and morale is terrible.,,,
R1130,1,2,7,1,3,4,2,2,1,4,4,2,3,1,0,0,0,0,0,1,0,0,0,1,0,0,1,0,0,0,0,Too much administrative burden and not enough actual support for clinics.,Strong local leadership and good communication. I would recommend joining.,I would like to see how the new model works before commenting.,,
R1131,1,99,14,4,4,4,2,2,2,3,3,4,4,0,1,1,0,1,0,1,0,0,0,1,0,0,1,0,0,0,0,Strong local leadership and good communication. I would recommend joining.,Strong local leadership and good communication. I would recommend joining.,,Helpful onboarding and great support from the network office.,
R1132,1,1,1,5,1,2,2,1,2,4,3,1,3,1,0,1,1,0,1,0,0,1,1,0,1,0,0,0,0,0,0,Strong local leadership and good communication. I would recommend joining.,I am frustrated that decisions are made without consulting front line providers.,,,
R1133,1,1,7,2,2,4,3,5,2,2,3,5,3,0,0,0,1,1,0,1,1,0,0,0,0,0,0,0,0,0,1,Our clinic recently changed locations so it is hard to compare.,,I am frustrated that decisions are made without consulting front line providers.,,Strong local leadership and good communication. I would recommend joining.
R1134,1,1,1,2,4,99,3,4,1,5,4,3,4,0,0,0,0,0,0,0,0,1,0,1,0,0,1,1,1,1,1,,,Too much administrative burden and not enough actual support for clinics.,,
R1135,1,1,20,5,4,2,4,1,2,3,4,3,4,0,1,0,1,0,0,0,0,0,0,0,0,0,1,0,0,0,0,Too much administrative burden and not enough actual support for clinics.,Access to allied health staff has been excellent and my patients benefit.,,I am frustrated that decisions are made without consulting front line providers.,Funding feels unstable and we are worried about losing key staff.
R1136,0,1,15,5,5,1,4,1,2,5,6,3,4,1,1,0,1,0,0,0,1,1,0,0,0,0,1,0,0,0,1,There is a serious lack of transparency around how funds are allocated.,,,,
R1137,1,1,5,4,4,4,4,4,1,4,4,6,4,0,0,0,1,1,0,0,0,0,1,0,1,0,1,1,0,0,1,,,No additional comments at this time.,The after hours program works well and reduces pressure on our clinic.,
R1138,1,1,4,5,4,2,4,3,1,3,4,2,3,0,1,0,1,1,0,0,0,1,1,1,0,0,0,0,1,0,0,No additional comments at this time.,,Our practice facilitator has been outstanding and made real improvements.,It depends on the needs of each community.,
R1139,1,1,2,1,2,1,2,4,1,1,4,2,4,1,0,1,0,0,0,1,0,0,0,1,1,0,0,0,0,1,0,,More information sessions would be useful.,The after hours program works well and reduces pressure on our clinic.,No additional comments at this time.,
R1140,1,1,10,3,2,3,3,3,1,5,5,2,3,0,0,0,1,0,0,0,0,0,1,0,0,0,0,1,0,0,0,Helpful onboarding and great support from the network office.,,Our practice facilitator has been outstanding and made real improvements.,,
R1141,1,2,16,4,2,4,2,5,1,3,5,4,3,0,0,0,1,0,0,0,1,0,0,0,0,0,1,0,0,1,1,,,Helpful onboarding and great support from the network office.,,Strong local leadership and good communication. I would recommend joining.
R1142,0,1,12,2,3,2,2,3,1,2,3,7,2,1,0,0,1,1,1,0,0,0,1,0,0,1,0,0,0,0,1,,It depends on the needs of each community.,Funding feels unstable and we are worried about losing key staff.,Too much administrative burden and not enough actual support for clinics.,
R1143,1,1,18,4,5,2,4,4,1,4,6,2,4,1,0,0,1,0,0,0,0,1,0,1,0,0,0,0,0,0,0,Our practice facilitator has been outstanding and made real improvements.,,,,The reporting requirements are a waste of clinical time.
R1144,1,1,7,3,2,4,3,1,1,3,4,6,4,1,1,1,1,0,0,1,0,1,0,1,1,0,1,0,0,1,0,Honestly the transition has been chaotic and morale is terrible.,No additional comments at this time.,,Strong local leadership and good communication. I would recommend joining.,
R1145,1,1,6,4,3,3,88,5,1,3,5,3,3,1,1,0,0,0,0,0,0,0,0,0,0,0,0,0,0,0,0,Too much administrative burden and not enough actual support for clinics.,,Our practice facilitator has been outstanding and made real improvements.,,Communication from the program has been poor and confusing.
R1146,1,1,10,3,2,4,3,99,88,3,6,4,5,1,0,0,0,0,0,1,0,1,0,0,0,0,1,0,0,1,0,,The reporting requirements are a waste of clinical time.,The after hours program works well and reduces pressure on our clinic.,Access to allied health staff has been excellent and my patients benefit.,More information sessions would be useful.
R1147,1,1,5,3,1,3,3,4,1,5,4,1,5,0,0,0,1,1,0,0,0,0,1,1,0,0,0,0,1,0,0,,,Our clinic recently changed locations so it is hard to compare.,Our practice facilitator has been outstanding and made real improvements.,
R1148,1,1,20,2,2,4,3,3,1,3,3,3,2,0,0,0,1,1,0,0,0,0,0,0,0,0,0,1,0,0,1,,,,Honestly the transition has been chaotic and morale is terrible.,Our practice facilitator has been outstanding and made real improvements.
R1149,1,1,4,2,1,4,1,3,1,3,4,4,4,0,0,0,1,1,0,0,0,1,0,1,0,0,0,0,1,0,0,It depends on the needs of each community.,The team-based supports have genuinely improved care for my patients.,,Access to allied health staff has been excellent and my patients benefit.,The after hours program works well and reduces pressure on our clinic.
R1150,1,2,10,4,5,1,2,4,88,3,2,4,3,0,1,0,1,1,0,0,0,1,1,0,0,0,1,0,0,0,0,The team-based supports have genuinely improved care for my patients.,,There is a serious lack of transparency around how funds are allocated.,Our clinic recently changed locations so it is hard to compare.,The reporting requirements are a waste of clinical time.
R1151,1,1,11,2,2,4,3,4,1,3,5,2,7,1,0,0,0,1,0,1,1,1,0,0,0,0,1,0,0,1,0,,,,The reporting requirements are a waste of clinical time.,
R1152,1,1,2,1,4,3,1,3,88,3,3,5,3,1,0,0,1,0,1,0,0,0,0,0,0,0,0,1,0,0,0,It depends on the needs of each community.,Access to allied health staff has been excellent and my patients benefit.,,No additional comments at this time.,Too much administrative burden and not enough actual support for clinics.
R1153,1,1,10,2,4,2,4,3,1,2,4,6,3,0,0,0,0,1,0,0,0,0,1,0,0,0,0,0,0,0,1,,It depends on the needs of each community.,,,It depends on the needs of each community.
R1154,1,1,10,2,2,2,2,3,1,2,5,3,3,0,1,0,0,0,0,0,0,1,1,0,0,0,0,1,0,0,0,,,,Our practice facilitator has been outstanding and made real improvements.,Strong local leadership and good communication. I would recommend joining.
R1155,1,1,6,5,1,4,2,4,1,3,3,4,3,1,1,0,1,0,0,1,1,0,0,1,0,1,1,0,0,0,0,,,,,Too much administrative burden and not enough actual support for clinics.
R1156,1,1,3,3,4,1,4,4,1,5,4,5,4,1,0,0,0,1,0,0,0,0,1,0,1,0,1,1,1,0,1,,,,Helpful onboarding and great support from the network office.,I would like to see how the new model works before commenting.
R1157,1,1,1,99,2,2,1,4,2,2,4,3,3,0,0,0,1,0,0,0,1,1,1,0,1,1,1,0,1,1,0,Honestly the transition has been chaotic and morale is terrible.,,,,The reporting requirements are a waste of clinical time.
R1158,1,1,1,2,5,1,4,4,88,3,4,5,3,0,0,0,1,0,1,1,0,1,1,1,0,1,0,0,0,0,0,Helpful onboarding and great support from the network office.,,Our practice facilitator has been outstanding and made real improvements.,,Strong local leadership and good communication. I would recommend joining.
R1159,1,2,10,4,1,3,4,3,1,5,3,3,4,0,0,0,0,0,1,0,1,0,0,1,0,0,0,0,0,0,0,Strong local leadership and good communication. I would recommend joining.,,The team-based supports have genuinely improved care for my patients.,,
R1160,1,1,2,3,4,3,1,3,99,5,1,4,5,0,0,0,1,0,0,0,1,0,1,0,0,0,0,0,0,0,0,,Helpful onboarding and great support from the network office.,,Funding feels unstable and we are worried about losing key staff.,
R1161,1,1,20,3,4,3,3,1,1,4,4,2,5,0,1,0,0,1,1,0,0,1,1,0,0,0,0,1,0,0,0,,,,,There is a serious lack of transparency around how funds are allocated.
R1162,1,2,5,5,2,2,3,4,1,3,4,3,3,0,0,1,0,0,0,0,0,0,0,0,0,1,0,0,0,0,1,,The reporting requirements are a waste of clinical time.,,,
R1163,1,1,14,88,2,1,4,3,1,3,4,4,3,1,1,0,1,0,0,1,0,0,1,0,0,0,0,0,0,0,0,,,I would like to see how the new model works before commenting.,Helpful onboarding and great support from the network office.,The after hours program works well and reduces pressure on our clinic.
R1164,1,2,14,5,5,4,4,3,1,3,3,4,2,0,0,0,0,0,0,0,0,0,1,1,0,0,0,0,0,0,0,Strong local leadership and good communication. I would recommend joining.,The after hours program works well and reduces pressure on our clinic.,,,
R1165,1,1,10,2,2,2,3,3,2,2,4,5,5,0,0,0,1,0,0,1,0,1,0,0,0,1,1,0,0,1,1,The team-based supports have genuinely improved care for my patients.,,Helpful onboarding and great support from the network office.,,
R1166,1,2,18,2,2,4,3,2,1,3,4,7,4,0,1,0,0,0,0,0,0,1,1,0,0,1,0,0,0,0,0,,Our practice facilitator has been outstanding and made real improvements.,The reporting requirements are a waste of clinical time.,,Access to allied health staff has been excellent and my patients benefit.
R1167,1,1,3,4,2,1,2,4,1,4,3,2,4,1,0,0,1,0,1,0,1,0,0,1,0,1,1,1,1,0,0,Access to allied health staff has been excellent and my patients benefit.,I would like to see how the new model works before commenting.,,Our clinic recently changed locations so it is hard to compare.,
R1168,1,1,5,2,2,1,3,3,1,3,4,3,5,0,0,0,1,0,0,0,0,0,1,0,0,0,1,1,0,1,0,,Our clinic recently changed locations so it is hard to compare.,,Strong local leadership and good communication. I would recommend joining.,
R1169,0,1,6,4,4,2,4,2,1,4,3,3,2,0,1,0,1,0,0,0,0,1,1,0,0,0,0,0,0,1,0,,,Communication from the program has been poor and confusing.,Communication from the program has been poor and confusing.,Helpful onboarding and great support from the network office.
R1170,1,1,3,4,4,3,3,4,1,3,4,3,4,0,0,0,0,0,0,0,0,1,0,0,0,0,0,1,0,1,0,,Access to allied health staff has been excellent and my patients benefit.,The team-based supports have genuinely improved care for my patients.,Our clinic recently changed locations so it is hard to compare.,
R1171,1,1,6,4,2,3,3,3,2,3,6,3,3,1,1,0,1,0,0,0,0,1,0,1,0,0,1,0,0,0,0,,,,,Our clinic recently changed locations so it is hard to compare.
R1172,1,2,7,5,4,4,3,3,1,5,4,5,2,1,0,0,0,1,1,0,0,0,0,1,0,0,0,0,0,1,0,,More information sessions would be useful.,Our clinic recently changed locations so it is hard to compare.,,Funding feels unstable and we are worried about losing key staff.
R1173,0,1,16,4,2,2,4,3,1,5,4,4,3,0,1,0,1,0,0,1,0,1,1,0,0,0,0,0,0,1,0,Too much administrative burden and not enough actual support for clinics.,,,,
R1174,1,1,7,1,1,3,99,4,1,3,2,1,3,0,0,1,1,0,0,0,0,1,0,1,0,0,0,0,1,1,0,,I would like to see how the new model works before commenting.,Honestly the transition has been chaotic and morale is terrible.,Strong local leadership and good communication. I would recommend joining.,
R1175,1,1,18,1,3,3,2,3,1,4,3,3,6,0,0,0,1,1,0,1,1,1,1,0,0,0,1,0,0,0,0,I am frustrated that decisions are made without consulting front line providers.,I would like to see how the new model works before commenting.,Helpful onboarding and great support from the network office.,Our practice facilitator has been outstanding and made real improvements.,
R1176,1,1,16,4,5,1,2,4,1,3,2,4,3,1,1,1,1,0,0,0,0,0,0,0,0,0,1,0,0,1,0,,No additional comments at this time.,,The after hours program works well and reduces pressure on our clinic.,Too much administrative burden and not enough actual support for clinics.
R1177,0,1,19,3,1,3,3,5,2,2,5,3,5,1,0,0,0,0,0,0,1,1,0,0,0,1,1,1,0,0,0,The after hours program works well and reduces pressure on our clinic.,Our clinic recently changed locations so it is hard to compare.,,More information sessions would be useful.,
R1178,1,2,3,2,2,2,3,4,88,4,5,2,4,0,0,0,1,1,0,0,0,0,1,0,0,0,1,0,1,0,1,,I am frustrated that decisions are made without consulting front line providers.,The after hours program works well and reduces pressure on our clinic.,,
R1179,1,1,20,3,3,3,3,3,1,3,3,3,4,0,0,0,0,0,0,1,0,0,0,0,0,0,0,0,0,0,0,Our practice facilitator has been outstanding and made real improvements.,The after hours program works well and reduces pressure on our clinic.,,,
R1180,1,1,13,4,4,1,1,4,88,3,3,3,6,1,0,0,0,1,0,0,0,0,0,1,0,0,1,0,0,0,0,Honestly the transition has been chaotic and morale is terrible.,,I am frustrated that decisions are made without consulting front line providers.,No additional comments at this time.,Our practice facilitator has been outstanding and made real improvements.
R1181,1,1,20,5,1,4,3,3,1,4,3,2,3,1,1,0,1,1,0,0,0,1,0,0,1,0,1,0,1,0,0,,,Access to allied health staff has been excellent and my patients benefit.,,
R1182,1,1,8,4,2,4,3,3,1,3,4,4,3,0,0,0,0,1,0,0,1,0,0,1,0,0,0,1,0,0,0,Helpful onboarding and great support from the network office.,,,,More information sessions would be useful.
R1183,1,1,20,3,4,1,3,3,2,2,4,3,2,0,0,0,0,1,0,0,0,1,0,1,0,0,1,0,0,0,0,,,Access to allied health staff has been excellent and my patients benefit.,,The reporting requirements are a waste of clinical time.
R1184,1,1,12,2,2,4,3,3,2,3,4,4,3,0,0,0,0,0,1,1,0,0,0,0,0,0,1,0,0,0,1,,,,Communication from the program has been poor and confusing.,Too much administrative burden and not enough actual support for clinics.
R1185,1,1,2,4,2,4,4,2,2,6,5,3,5,1,1,1,1,1,1,0,1,0,0,0,0,1,0,0,0,0,0,,,,,
R1186,1,99,9,2,2,2,3,3,1,4,3,5,3,1,1,0,0,0,0,1,0,0,0,0,0,0,0,1,1,0,0,The team-based supports have genuinely improved care for my patients.,Helpful onboarding and great support from the network office.,The team-based supports have genuinely improved care for my patients.,Our clinic recently changed locations so it is hard to compare.,It depends on the needs of each community.
R1187,1,1,3,4,2,4,4,2,1,3,4,2,3,1,1,0,0,0,0,0,0,1,0,0,1,1,0,0,0,1,1,Too much administrative burden and not enough actual support for clinics.,I would like to see how the new model works before commenting.,,The team-based supports have genuinely improved care for my patients.,
R1188,1,1,19,4,3,4,3,3,1,1,4,2,3,1,0,0,1,0,1,0,0,0,0,0,0,0,1,1,0,1,0,The team-based supports have genuinely improved care for my patients.,It depends on the needs of each community.,Communication from the program has been poor and confusing.,Our practice facilitator has been outstanding and made real improvements.,The after hours program works well and reduces pressure on our clinic.
R1189,1,1,7,1,4,4,3,4,1,4,3,3,3,0,0,0,0,0,0,0,1,0,0,1,0,1,0,0,0,0,1,Access to allied health staff has been excellent and my patients benefit.,Our practice facilitator has been outstanding and made real improvements.,The team-based supports have genuinely improved care for my patients.,,
R1190,0,2,5,1,3,99,3,5,2,2,5,3,4,0,0,1,1,0,0,0,0,0,1,1,0,0,0,0,0,0,1,Our practice facilitator has been outstanding and made real improvements.,,Strong local leadership and good communication. I would recommend joining.,The after hours program works well and reduces pressure on our clinic.,No additional comments at this time.
R1191,1,1,12,2,4,1,1,1,1,4,2,3,3,0,0,0,0,0,0,0,0,0,0,0,0,0,0,0,0,0,0,,No additional comments at this time.,,Helpful onboarding and great support from the network office.,
R1192,1,88,9,5,5,3,2,4,1,4,4,4,4,1,0,0,0,0,0,0,0,1,0,0,0,1,1,0,1,1,0,,,,,Access to allied health staff has been excellent and my patients benefit.
R1193,1,1,2,4,2,3,3,3,1,3,4,3,4,1,0,0,0,0,0,0,0,0,0,0,0,1,1,0,0,0,0,The team-based supports have genuinely improved care for my patients.,,The team-based supports have genuinely improved care for my patients.,,
R1194,1,2,17,2,2,2,4,1,1,3,5,2,4,0,0,0,0,1,0,0,1,0,1,1,0,0,1,0,1,1,1,More information sessions would be useful.,Access to allied health staff has been excellent and my patients benefit.,Our clinic recently changed locations so it is hard to compare.,Our practice facilitator has been outstanding and made real improvements.,
R1195,1,1,17,5,5,2,3,3,1,1,4,3,3,0,0,0,0,0,0,0,0,1,1,0,1,0,0,0,0,1,0,Our clinic recently changed locations so it is hard to compare.,Strong local leadership and good communication. I would recommend joining.,The team-based supports have genuinely improved care for my patients.,,
R1196,1,1,15,3,2,99,1,2,1,1,3,4,4,1,0,1,0,1,1,1,0,0,1,0,0,0,0,0,0,0,1,,Too much administrative burden and not enough actual support for clinics.,Strong local leadership and good communication. I would recommend joining.,,
R1197,1,1,13,3,4,1,3,3,1,4,5,5,2,1,0,0,1,1,0,0,0,0,1,1,0,0,0,0,0,0,0,Our practice facilitator has been outstanding and made real improvements.,,,No additional comments at this time.,
R1198,1,1,9,5,4,3,2,3,1,5,5,4,3,1,0,0,1,1,0,0,1,0,0,0,0,1,0,0,0,0,0,Strong local leadership and good communication. I would recommend joining.,,I would like to see how the new model works before commenting.,,Access to allied health staff has been excellent and my patients benefit.
R1199,1,1,11,1,1,4,4,3,1,3,4,4,4,0,1,0,1,0,0,0,0,0,1,0,0,0,0,0,0,0,0,,,,Access to allied health staff has been excellent and my patients benefit.,
R1200,1,88,11,2,3,2,4,3,1,4,5,4,4,1,0,0,1,1,0,0,1,1,0,1,0,0,1,0,0,0,0,,,There is a serious lack of transparency around how funds are allocated.,,
R1201,0,99,4,4,2,3,3,1,2,4,3,4,2,1,1,1,0,1,0,0,0,0,1,0,0,0,0,0,0,0,0,,I am frustrated that decisions are made without consulting front line providers.,Funding feels unstable and we are worried about losing key staff.,,
R1202,1,1,2,2,2,88,3,2,1,2,4,2,5,1,0,0,0,1,0,1,1,0,1,0,0,0,0,1,0,0,1,It depends on the needs of each community.,,It depends on the needs of each community.,,
R1203,1,1,6,4,3,3,2,2,1,2,5,4,1,1,0,0,1,1,0,0,0,1,1,0,1,0,1,0,0,0,0,Honestly the transition has been chaotic and morale is terrible.,,,,
R1204,1,1,10,2,2,1,3,4,1,3,3,4,4,1,0,0,1,0,0,1,0,0,0,0,0,0,1,0,0,0,1,,Too much administrative burden and not enough actual support for clinics.,There is a serious lack of transparency around how funds are allocated.,,
R1205,1,1,4,1,4,1,4,3,99,4,4,3,7,1,0,0,0,0,0,0,0,1,1,1,0,1,0,0,0,0,1,,More information sessions would be useful.,,There is a serious lack of transparency around how funds are allocated.,The team-based supports have genuinely improved care for my patients.
R1206,1,1,3,2,5,4,4,4,2,4,6,4,4,1,0,0,1,1,0,1,0,1,0,0,0,0,0,1,0,0,0,,The after hours program works well and reduces pressure on our clinic.,The team-based supports have genuinely improved care for my patients.,,Helpful onboarding and great support from the network office.
R1207,1,1,18,3,4,2,3,3,1,4,5,3,5,0,0,0,0,0,1,0,1,0,0,1,1,0,0,0,0,0,0,,Our clinic recently changed locations so it is hard to compare.,Strong local leadership and good communication. I would recommend joining.,Strong local leadership and good communication. I would recommend joining.,
R1208,1,1,8,2,2,3,2,1,1,5,5,3,4,0,0,1,0,1,0,1,1,0,0,0,0,0,0,0,0,1,0,Access to allied health staff has been excellent and my patients benefit.,,,,I am frustrated that decisions are made without consulting front line providers.
R1209,1,1,12,2,2,1,1,5,1,4,4,2,4,1,1,0,1,0,0,0,0,0,0,1,0,0,0,0,1,0,0,Our practice facilitator has been outstanding and made real improvements.,,,,The after hours program works well and reduces pressure on our clinic.
R1210,1,99,11,5,2,3,2,2,88,7,7,4,4,1,0,0,1,0,0,0,1,0,1,1,0,1,0,0,1,0,1,Honestly the transition has been chaotic and morale is terrible.,,,,
R1211,1,1,15,3,1,4,2,2,1,4,3,5,4,0,0,0,1,0,0,0,0,0,0,0,1,0,1,1,0,1,1,,,,,
R1212,1,88,15,3,5,3,2,2,1,5,4,2,3,0,0,0,1,0,0,0,0,1,0,1,0,0,0,0,0,1,1,The reporting requirements are a waste of clinical time.,,,,
R1213,1,1,6,1,2,88,4,99,99,5,4,3,4,1,0,0,1,1,0,0,0,0,0,1,0,0,0,0,1,0,0,,,Communication from the program has been poor and confusing.,,
R1214,1,1,17,3,2,2,3,4,2,4,5,1,3,1,0,0,1,0,0,0,0,0,1,1,0,0,0,0,0,0,0,,,Honestly the transition has been chaotic and morale is terrible.,No additional comments at this time.,Access to allied health staff has been excellent and my patients benefit.
R1215,1,1,8,2,4,3,2,4,1,5,5,1,7,1,0,0,1,1,0,0,0,0,1,0,0,0,0,1,0,0,0,,,Honestly the transition has been chaotic and morale is terrible.,There is a serious lack of transparency around how funds are allocated.,
R1216,1,1,17,4,2,4,1,99,1,6,4,7,3,0,0,1,1,0,1,1,0,1,1,1,0,0,0,1,0,1,1,,,,,
R1217,1,1,9,2,1,3,2,2,1,4,4,3,3,1,0,0,1,1,0,0,0,1,0,0,1,0,0,1,0,0,0,,Funding feels unstable and we are worried about losing key staff.,,I am frustrated that decisions are made without consulting front line providers.,
R1218,1,2,3,5,1,2,4,99,1,4,4,3,5,1,1,0,0,0,0,1,0,0,1,1,0,0,1,1,0,0,0,,Access to allied health staff has been excellent and my patients benefit.,,,
R1219,1,2,16,5,3,4,2,2,1,4,4,3,3,0,1,0,1,0,1,0,1,1,1,1,0,1,1,1,0,0,0,It depends on the needs of each community.,,Strong local leadership and good communication. I would recommend joining.,Our clinic recently changed locations so it is hard to compare.,
R1220,1,1,1,1,4,3,4,4,88,5,4,7,3,0,0,0,0,0,0,0,0,0,0,0,0,0,1,0,0,0,0,,,Too much administrative burden and not enough actual support for clinics.,The reporting requirements are a waste of clinical time.,
R1221,1,1,16,2,2,3,4,3,88,4,1,3,4,1,1,0,1,0,0,0,0,1,0,1,0,1,0,0,1,0,0,,,I am frustrated that decisions are made without consulting front line providers.,It depends on the needs of each community.,
R1222,1,1,1,2,5,88,1,3,1,5,4,4,2,0,0,1,1,1,0,0,0,1,0,1,0,0,1,0,0,0,0,No additional comments at this time.,,,,Access to allied health staff has been excellent and my patients benefit.
R1223,0,1,5,4,4,2,3,5,1,5,5,3,2,1,0,0,1,1,0,0,0,1,0,0,0,0,1,0,0,0,1,,,There is a serious lack of transparency around how funds are allocated.,,Our clinic recently changed locations so it is hard to compare.
R1224,1,1,13,2,4,2,4,2,1,6,4,1,3,1,1,0,0,0,0,0,0,0,0,0,0,1,0,1,0,0,1,Our clinic recently changed locations so it is hard to compare.,Too much administrative burden and not enough actual support for clinics.,Funding feels unstable and we are worried about losing key staff.,,Our practice facilitator has been outstanding and made real improvements.
R1225,1,1,19,5,2,1,3,99,1,3,5,4,3,1,0,1,1,0,0,0,0,0,0,0,0,0,0,0,0,0,0,,Communication from the program has been poor and confusing.,,,
R1226,1,1,9,4,1,3,1,3,2,4,4,1,3,0,0,0,1,0,0,0,0,1,0,0,0,0,1,0,0,0,1,,Helpful onboarding and great support from the network office.,,More information sessions would be useful.,Access to allied health staff has been excellent and my patients benefit.
R1227,1,2,3,5,4,2,4,4,1,4,4,4,1,1,0,0,1,0,0,0,0,0,0,0,1,0,1,0,1,0,0,,Funding feels unstable and we are worried about losing key staff.,,,
R1228,1,1,5,4,2,4,4,5,1,6,1,3,3,0,0,0,0,0,0,0,1,0,0,1,0,0,0,0,0,1,1,,I would like to see how the new model works before commenting.,,I am frustrated that decisions are made without consulting front line providers.,
R1229,1,1,18,99,3,2,3,1,1,5,4,4,3,1,0,0,1,0,1,1,1,1,1,0,0,0,0,0,0,0,0,The reporting requirements are a waste of clinical time.,Honestly the transition has been chaotic and morale is terrible.,,Funding feels unstable and we are worried about losing key staff.,There is a serious lack of transparency around how funds are allocated.
R1230,1,1,15,1,4,4,3,5,1,4,4,4,1,0,0,0,1,0,1,0,0,1,0,1,1,0,0,0,1,1,0,The team-based supports have genuinely improved care for my patients.,Honestly the transition has been chaotic and morale is terrible.,,No additional comments at this time.,
R1231,1,1,3,3,1,2,2,4,1,4,3,4,4,1,0,0,0,1,0,0,1,1,0,1,0,0,0,0,0,0,0,Access to allied health staff has been excellent and my patients benefit.,Strong local leadership and good communication. I would recommend joining.,The team-based supports have genuinely improved care for my patients.,No additional comments at this time.,I am frustrated that decisions are made without consulting front line providers.
R1232,0,1,8,3,4,2,4,4,2,2,1,1,4,1,0,0,1,0,0,0,1,1,1,1,0,0,1,0,0,0,0,,,,,
R1233,1,2,6,88,5,2,3,2,2,6,4,4,2,0,0,0,1,0,0,1,0,1,0,0,0,0,0,0,0,0,0,,,,I would like to see how the new model works before commenting.,Too much administrative burden and not enough actual support for clinics.
R1234,0,1,4,4,4,4,1,3,1,3,4,7,3,0,0,0,0,0,0,0,0,0,0,0,0,0,1,0,0,0,1,No additional comments at this time.,,There is a serious lack of transparency around how funds are allocated.,,The team-based supports have genuinely improved care for my patients.
R1235,1,1,17,5,2,3,3,4,88,4,4,3,5,1,1,1,1,0,0,0,0,1,0,1,0,1,1,1,0,0,1,Access to allied health staff has been excellent and my patients benefit.,,,,The reporting requirements are a waste of clinical time.
R1236,1,1,13,2,4,2,4,3,1,5,3,3,4,0,0,0,1,0,0,1,0,1,0,0,0,0,0,0,0,0,0,,,Funding feels unstable and we are worried about losing key staff.,,The reporting requirements are a waste of clinical time.
R1237,1,1,4,88,3,4,4,2,88,4,4,5,3,0,0,0,1,0,0,1,0,1,0,0,1,1,1,0,0,1,0,Too much administrative burden and not enough actual support for clinics.,,,,Our clinic recently changed locations so it is hard to compare.
R1238,1,1,14,3,4,3,2,3,1,3,4,2,3,0,0,0,1,0,0,0,1,0,0,1,0,0,1,1,0,0,1,Access to allied health staff has been excellent and my patients benefit.,More information sessions would be useful.,,The team-based supports have genuinely improved care for my patients.,
R1239,1,2,9,3,4,2,1,5,1,3,4,4,3,1,0,0,0,1,0,0,0,0,0,0,0,0,0,1,0,0,0,The reporting requirements are a waste of clinical time.,,,,
R1240,1,1,2,88,4,4,4,1,88,5,4,4,5,0,0,0,0,1,0,0,0,1,0,0,0,0,0,0,1,0,0,,,Strong local leadership and good communication. I would recommend joining.,Our practice facilitator has been outstanding and made real improvements.,There is a serious lack of transparency around how funds are allocated.
R1241,1,1,9,3,2,2,4,4,1,4,1,1,6,0,0,0,0,1,0,0,0,0,1,0,0,1,1,0,1,0,0,,,I am frustrated that decisions are made without consulting front line providers.,,Communication from the program has been poor and confusing.
R1242,1,2,4,3,1,1,3,99,1,2,5,4,6,1,0,0,1,0,0,1,0,0,0,0,0,0,0,0,0,0,0,The after hours program works well and reduces pressure on our clinic.,,It depends on the needs of each community.,The after hours program works well and reduces pressure on our clinic.,
R1243,1,1,5,4,2,3,3,1,1,4,2,4,3,0,0,0,0,0,0,0,0,1,0,1,1,1,0,1,1,0,0,,The after hours program works well and reduces pressure on our clinic.,,,
R1244,1,2,18,2,3,1,3,2,1,3,4,3,3,0,0,0,0,0,1,0,1,0,0,0,0,0,0,0,1,0,0,Our practice facilitator has been outstanding and made real improvements.,,,The team-based supports have genuinely improved care for my patients.,
R1245,1,1,15,3,3,2,3,4,1,5,3,5,2,0,1,0,1,0,0,0,0,0,1,1,0,0,0,1,0,0,0,,,I would like to see how the new model works before commenting.,,The after hours program works well and reduces pressure on our clinic.
R1246,1,1,3,2,3,4,1,1,1,3,4,2,3,0,0,0,0,1,0,0,0,0,1,1,0,0,1,1,0,1,0,,,,,
R1247,1,1,18,2,2,1,1,4,88,3,3,3,3,0,0,0,0,1,0,0,0,0,1,0,0,1,0,0,0,0,1,It depends on the needs of each community.,The after hours program works well and reduces pressure on our clinic.,,,
R1248,1,1,12,5,4,4,2,4,1,2,5,5,4,1,0,0,0,0,0,0,0,1,0,0,0,0,0,0,0,1,0,,I would like to see how the new model works before commenting.,,,
R1249,1,2,18,4,5,4,4,4,1,4,4,2,2,0,0,0,1,0,0,0,0,0,0,0,0,1,0,1,0,0,0,Too much administrative burden and not enough actual support for clinics.,,,Helpful onboarding and great support from the network office.,
R1250,1,1,15,3,2,4,2,3,1,4,4,5,6,1,0,0,1,0,0,0,0,0,1,1,0,0,1,1,0,1,1,,There is a serious lack of transparency around how funds are allocated.,There is a serious lack of transparency around how funds are allocated.,,Helpful onboarding and great support from the network office.
R1251,1,1,7,3,4,4,2,4,2,4,3,1,2,0,0,0,0,0,0,0,0,0,0,1,0,1,0,1,0,0,1,,The reporting requirements are a waste of clinical time.,,Our clinic recently changed locations so it is hard to compare.,Access to allied health staff has been excellent and my patients benefit.
R1252,1,1,11,3,4,4,3,4,1,4,1,3,1,0,0,0,0,1,0,0,0,0,1,0,1,0,1,0,0,0,0,Funding feels unstable and we are worried about losing key staff.,,Our practice facilitator has been outstanding and made real improvements.,There is a serious lack of transparency around how funds are allocated.,
R1253,1,1,11,4,3,99,2,2,1,3,4,1,5,0,0,0,1,0,1,0,1,0,0,0,0,0,1,0,0,1,0,Access to allied health staff has been excellent and my patients benefit.,,,Access to allied health staff has been excellent and my patients benefit.,The team-based supports have genuinely improved care for my patients.
R1254,1,1,15,5,2,2,2,4,1,3,4,4,4,0,0,0,1,0,1,0,0,0,0,0,0,0,0,1,1,0,0,,,,,
R1255,1,99,5,5,4,2,3,5,2,3,4,5,3,1,0,0,0,0,0,1,0,1,0,0,0,1,1,1,1,0,0,,,,,
R1256,1,1,7,3,5,3,2,4,2,6,6,5,4,0,0,1,1,0,0,1,0,0,0,0,0,0,0,0,0,1,0,Access to allied health staff has been excellent and my patients benefit.,Our practice facilitator has been outstanding and made real improvements.,Access to allied health staff has been excellent and my patients benefit.,Access to allied health staff has been excellent and my patients benefit.,Strong local leadership and good communication. I would recommend joining.
R1257,1,1,5,3,4,3,3,3,1,2,4,7,3,0,0,0,1,0,0,1,1,0,1,0,0,0,1,0,0,0,1,Communication from the program has been poor and confusing.,,Our clinic recently changed locations so it is hard to compare.,,
R1258,1,1,6,3,5,2,4,3,2,7,7,4,2,0,0,1,0,1,0,0,0,0,0,1,1,0,0,0,0,0,1,It depends on the needs of each community.,,Our practice facilitator has been outstanding and made real improvements.,It depends on the needs of each community.,
R1259,1,1,4,4,5,4,2,2,1,3,3,4,3,1,1,0,1,0,0,0,0,0,0,0,0,0,0,0,0,0,1,,There is a serious lack of transparency around how funds are allocated.,,Funding feels unstable and we are worried about losing key staff.,Communication from the program has been poor and confusing.
R1260,1,99,1,3,2,1,4,3,1,2,5,3,3,0,0,0,1,0,0,0,0,0,0,0,0,0,0,1,0,0,0,,Our clinic recently changed locations so it is hard to compare.,Our clinic recently changed locations so it is hard to compare.,No additional comments at this time.,
R1261,1,1,19,4,3,4,4,1,1,3,4,6,4,1,0,0,1,0,0,0,0,0,1,1,0,0,0,0,0,1,1,No additional comments at this time.,Funding feels unstable and we are worried about losing key staff.,No additional comments at this time.,,I am frustrated that decisions are made without consulting front line providers.
R1262,1,1,2,4,3,2,4,99,1,2,4,4,3,0,0,0,0,0,0,0,0,0,0,1,0,0,1,0,1,0,1,,There is a serious lack of transparency around how funds are allocated.,,Helpful onboarding and great support from the network office.,
R1263,1,1,18,3,5,1,3,3,1,5,7,5,4,0,0,0,1,0,0,0,0,0,1,0,0,0,1,0,0,0,0,Strong local leadership and good communication. I would recommend joining.,,,Strong local leadership and good communication. I would recommend joining.,The reporting requirements are a waste of clinical time.
R1264,1,2,1,3,1,1,3,4,1,4,4,2,4,1,0,1,0,0,0,0,0,1,1,1,0,0,0,0,0,0,0,,,The reporting requirements are a waste of clinical time.,,
R1265,1,1,16,3,2,2,3,2,1,3,5,3,2,0,0,0,0,0,0,0,0,0,0,0,0,0,0,1,0,1,0,,It depends on the needs of each community.,,,
R1266,1,1,7,1,4,2,3,3,1,4,4,4,1,0,0,0,0,0,0,0,0,1,1,1,0,1,0,0,0,1,0,Helpful onboarding and great support from the network office.,,,,
R1267,1,1,11,2,2,1,1,3,1,4,2,2,3,1,0,0,1,1,0,0,0,1,1,0,0,0,0,0,0,0,0,Strong local leadership and good communication. I would recommend joining.,The team-based supports have genuinely improved care for my patients.,Strong local leadership and good communication. I would recommend joining.,There is a serious lack of transparency around how funds are allocated.,Strong local leadership and good communication. I would recommend joining.
R1268,1,1,6,4,4,2,4,3,2,6,4,2,4,0,0,0,1,1,0,0,0,0,0,1,0,0,0,1,0,1,0,Access to allied health staff has been excellent and my patients benefit.,,,The team-based supports have genuinely improved care for my patients.,The reporting requirements are a waste of clinical time.
R1269,1,1,10,3,2,2,3,4,2,6,4,6,4,0,0,1,1,1,1,1,0,0,0,0,1,0,0,0,0,0,0,Communication from the program has been poor and confusing.,,The after hours program works well and reduces pressure on our clinic.,Funding feels unstable and we are worried about losing key staff.,
R1270,1,1,10,2,5,2,4,5,1,4,5,3,4,0,0,0,0,0,0,0,0,0,0,1,0,0,1,0,1,1,0,,,,,
R1271,1,1,11,4,4,3,2,5,1,5,5,2,3,0,0,0,0,1,1,0,0,0,0,1,0,0,0,0,0,0,0,Communication from the program has been poor and confusing.,,,,
R1272,1,1,8,4,2,2,1,2,1,5,2,3,3,1,0,1,0,0,0,0,0,1,0,0,0,0,1,0,0,0,0,The reporting requirements are a waste of clinical time.,Strong local leadership and good communication. I would recommend joining.,I would like to see how the new model works before commenting.,I would like to see how the new model works before commenting.,
R1273,1,1,11,2,4,2,3,4,1,4,2,3,4,0,0,1,1,0,0,0,0,0,1,0,0,0,0,0,1,0,1,,,,Helpful onboarding and great support from the network office.,Communication from the program has been poor and confusing.
R1274,1,1,17,5,2,1,3,2,1,4,2,4,3,1,1,0,1,0,0,0,0,1,0,0,0,0,0,0,0,1,1,No additional comments at this time.,,,Our clinic recently changed locations so it is hard to compare.,It depends on the needs of each community.
R1275,1,88,9,5,3,1,3,5,1,2,4,6,4,1,0,0,0,0,0,0,1,0,0,0,0,1,0,0,0,1,0,I am frustrated that decisions are made without consulting front line providers.,The team-based supports have genuinely improved care for my patients.,,,
R1276,1,1,8,4,4,2,2,3,2,4,2,7,2,1,0,1,1,1,0,1,1,1,0,1,0,0,0,0,0,0,0,,,,,
R1277,1,1,3,4,4,4,2,3,1,6,4,4,3,1,0,0,0,0,0,0,0,1,1,1,0,0,0,0,0,0,1,,,Strong local leadership and good communication. I would recommend joining.,,
R1278,1,1,8,1,1,99,3,2,1,2,4,4,4,1,0,0,1,0,0,0,0,0,0,0,0,0,1,0,0,0,0,,Communication from the program has been poor and confusing.,Too much administrative burden and not enough actual support for clinics.,,Too much administrative burden and not enough actual support for clinics.
R1279,1,2,3,88,2,4,2,1,1,5,5,3,3,1,0,0,0,1,0,0,0,1,0,0,0,0,1,0,0,0,1,,Funding feels unstable and we are worried about losing key staff.,,,Access to allied health staff has been excellent and my patients benefit.
R1280,1,1,4,3,4,3,88,3,88,6,3,5,4,0,0,1,0,0,1,1,0,1,0,1,0,0,1,0,0,0,1,,,Our clinic recently changed locations so it is hard to compare.,Our practice facilitator has been outstanding and made real improvements.,It depends on the needs of each community.
R1281,1,1,20,5,3,3,2,5,1,3,4,2,3,0,0,1,1,1,1,0,0,0,0,0,1,0,0,0,0,0,0,I would like to see how the new model works before commenting.,,,Strong local leadership and good communication. I would recommend joining.,
R1282,1,2,2,4,3,2,2,4,88,4,2,2,6,1,0,0,1,1,0,1,1,0,0,1,0,0,0,1,0,0,0,,,The after hours program works well and reduces pressure on our clinic.,Too much administrative burden and not enough actual support for clinics.,I am frustrated that decisions are made without consulting front line providers.
R1283,1,1,10,1,1,4,2,5,1,6,5,6,5,0,1,0,0,1,0,0,1,0,1,0,0,0,0,0,0,0,0,It depends on the needs of each community.,No additional comments at this time.,,,
R1284,1,1,17,1,2,4,3,2,1,6,3,5,5,1,1,0,1,1,1,0,0,0,0,0,0,0,1,0,1,1,0,The reporting requirements are a waste of clinical time.,,I would like to see how the new model works before commenting.,There is a serious lack of transparency around how funds are allocated.,
R1285,1,1,20,4,4,4,3,4,1,2,2,3,4,0,0,0,1,0,0,1,0,1,1,0,0,0,1,0,0,0,0,,,,,
R1286,1,1,3,4,1,4,3,3,1,3,3,4,4,1,0,1,1,0,0,0,0,0,0,0,0,0,0,0,0,0,1,Our practice facilitator has been outstanding and made real improvements.,,,Our practice facilitator has been outstanding and made real improvements.,Too much administrative burden and not enough actual support for clinics.
R1287,1,1,4,1,2,3,4,4,88,4,5,3,4,0,0,0,1,1,0,0,0,0,1,1,0,0,1,0,0,0,0,Our clinic recently changed locations so it is hard to compare.,Communication from the program has been poor and confusing.,I would like to see how the new model works before commenting.,Strong local leadership and good communication. I would recommend joining.,The reporting requirements are a waste of clinical time.
R1288,1,1,8,4,5,4,2,3,1,3,2,3,3,1,1,0,0,1,0,1,0,1,0,0,0,0,0,0,0,0,0,,It depends on the needs of each community.,The team-based supports have genuinely improved care for my patients.,,The team-based supports have genuinely improved care for my patients.
R1289,1,1,12,5,1,4,3,3,88,3,4,3,3,0,1,0,1,0,0,0,1,0,0,1,0,0,0,0,0,0,0,,,,The team-based supports have genuinely improved care for my patients.,
R1290,1,1,20,3,4,2,1,4,1,1,5,2,4,0,0,0,1,0,0,0,1,1,0,1,1,0,0,1,0,1,0,Our clinic recently changed locations so it is hard to compare.,,,,The reporting requirements are a waste of clinical time.
R1291,1,2,5,3,2,4,2,2,88,2,5,4,1,1,0,1,0,0,0,1,0,0,0,0,0,0,0,0,0,0,0,The team-based supports have genuinely improved care for my patients.,Our clinic recently changed locations so it is hard to compare.,The after hours program works well and reduces pressure on our clinic.,The team-based supports have genuinely improved care for my patients.,
R1292,1,1,4,1,4,1,3,3,88,4,3,3,1,1,0,0,1,0,0,1,0,1,0,0,0,0,1,0,0,0,0,,,The after hours program works well and reduces pressure on our clinic.,,
R1293,1,1,6,5,4,99,1,4,1,4,2,3,5,1,1,1,1,0,0,1,0,1,0,1,0,0,1,1,0,1,0,,,Our practice facilitator has been outstanding and made real improvements.,The after hours program works well and reduces pressure on our clinic.,
R1294,1,1,18,3,4,4,3,2,1,4,4,2,1,1,0,0,0,1,0,1,1,0,0,1,0,0,0,0,1,0,1,The after hours program works well and reduces pressure on our clinic.,Our clinic recently changed locations so it is hard to compare.,Our practice facilitator has been outstanding and made real improvements.,Helpful onboarding and great support from the network office.,I am frustrated that decisions are made without consulting front line providers.
R1295,1,1,1,5,2,1,3,5,2,5,3,6,4,0,0,0,0,1,0,0,0,1,1,0,0,0,0,0,0,0,0,The after hours program works well and reduces pressure on our clinic.,,The reporting requirements are a waste of clinical time.,Honestly the transition has been chaotic and morale is terrible.,
R1296,0,1,8,3,3,4,4,3,1,3,4,4,4,1,0,0,0,0,1,1,0,0,0,0,0,0,0,0,0,0,0,,,,I would like to see how the new model works before commenting.,
R1297,1,1,3,4,4,1,3,4,88,3,3,5,2,0,0,0,0,0,1,0,0,1,1,1,0,1,0,0,1,0,1,Funding feels unstable and we are worried about losing key staff.,Our practice facilitator has been outstanding and made real improvements.,The reporting requirements are a waste of clinical time.,,
R1298,1,99,4,2,2,4,3,4,1,1,4,2,5,0,0,0,1,0,0,0,0,1,0,0,0,0,0,1,0,0,1,,Funding feels unstable and we are worried about losing key staff.,Access to allied health staff has been excellent and my patients benefit.,Strong local leadership and good communication. I would recommend joining.,More information sessions would be useful.
R1299,1,1,19,2,2,4,3,4,1,3,2,4,2,0,0,0,1,0,0,0,0,0,0,1,0,0,0,0,0,1,1,,,I would like to see how the new model works before commenting.,,
R1300,1,2,1,5,1,4,1,4,1,3,4,5,5,0,0,0,0,0,0,1,0,1,0,0,1,0,0,0,0,1,0,,,,,There is a serious lack of transparency around how funds are allocated.
R1301,1,2,7,3,5,4,1,5,2,3,3,3,4,0,0,0,0,0,0,0,0,1,0,1,0,0,0,1,0,0,1,There is a serious lack of transparency around how funds are allocated.,,Helpful onboarding and great support from the network office.,,
R1302,1,1,19,4,4,1,3,4,99,1,4,2,3,1,0,0,0,0,0,1,1,1,0,0,0,0,0,0,0,0,0,,,,Helpful onboarding and great support from the network office.,Honestly the transition has been chaotic and morale is terrible.
R1303,1,1,13,88,3,2,99,3,1,2,2,3,2,0,0,0,1,0,0,0,0,1,1,1,1,0,1,0,0,0,0,The team-based supports have genuinely improved care for my patients.,The reporting requirements are a waste of clinical time.,,,More information sessions would be useful.
R1304,1,1,2,88,4,3,1,2,2,4,6,3,3,1,1,0,1,0,0,0,0,1,1,0,0,1,0,0,0,0,1,Strong local leadership and good communication. I would recommend joining.,,Honestly the transition has been chaotic and morale is terrible.,Helpful onboarding and great support from the network office.,Helpful onboarding and great support from the network office.
R1305,1,1,10,5,3,1,3,4,88,4,4,3,3,0,0,0,1,0,0,0,0,0,0,0,0,0,0,0,0,0,0,Funding feels unstable and we are worried about losing key staff.,,,The after hours program works well and reduces pressure on our clinic.,
R1306,1,1,20,2,3,3,4,2,1,6,3,3,3,0,0,0,0,0,1,0,0,1,0,0,0,1,0,0,0,0,1,,Too much administrative burden and not enough actual support for clinics.,No additional comments at this time.,,Honestly the transition has been chaotic and morale is terrible.
R1307,1,88,9,4,2,2,4,3,1,5,1,3,7,1,0,0,0,0,0,0,0,1,0,1,0,0,1,0,0,0,0,,,,There is a serious lack of transparency around how funds are allocated.,Too much administrative burden and not enough actual support for clinics.
R1308,1,1,11,5,3,3,3,2,2,4,3,4,3,0,0,0,1,0,0,0,0,0,0,0,0,0,0,0,1,0,0,,Our clinic recently changed locations so it is hard to compare.,It depends on the needs of each community.,,
R1309,1,1,11,3,2,3,3,4,1,2,3,1,5,0,0,0,1,0,0,0,0,0,0,0,0,0,0,1,1,0,0,,,I would like to see how the new model works before commenting.,,Access to allied health staff has been excellent and my patients benefit.
R1310,1,1,14,2,4,4,3,2,1,4,3,3,2,1,0,1,1,0,0,0,1,0,0,1,0,0,1,0,0,0,1,The reporting requirements are a waste of clinical time.,Our clinic recently changed locations so it is hard to compare.,Honestly the transition has been chaotic and morale is terrible.,,Our practice facilitator has been outstanding and made real improvements.
R1311,1,88,4,5,4,2,4,4,2,2,5,4,7,0,0,0,1,0,0,0,0,0,0,0,0,0,1,1,0,0,1,,,Our practice facilitator has been outstanding and made real improvements.,I would like to see how the new model works before commenting.,
R1312,1,1,17,3,2,4,2,4,1,4,4,2,3,0,0,0,0,1,0,0,0,0,0,0,0,0,0,0,0,1,0,,The team-based supports have genuinely improved care for my patients.,,,Communication from the program has been poor and confusing.
R1313,1,1,20,4,3,3,4,4,88,3,3,2,3,1,0,1,0,0,0,0,0,0,1,1,0,0,0,1,0,0,0,,,,,Our practice facilitator has been outstanding and made real improvements.
R1314,1,1,3,99,1,2,1,3,88,3,4,2,4,0,0,0,1,0,0,0,0,1,0,1,0,0,1,0,0,0,0,,,There is a serious lack of transparency around how funds are allocated.,,Honestly the transition has been chaotic and morale is terrible.
R1315,1,1,17,4,5,3,4,4,2,3,3,1,2,1,0,1,0,0,0,0,0,0,0,1,0,0,0,1,0,1,0,No additional comments at this time.,,It depends on the needs of each community.,,Honestly the transition has been chaotic and morale is terrible.
R1316,1,1,17,3,5,3,1,4,1,4,6,3,5,1,0,0,0,1,0,0,1,0,1,0,0,0,0,1,0,0,1,,Strong local leadership and good communication. I would recommend joining.,,,
R1317,1,1,15,3,5,2,2,3,1,5,1,1,3,0,0,1,1,1,0,0,1,1,1,0,0,0,0,0,0,0,0,,Too much administrative burden and not enough actual support for clinics.,Communication from the program has been poor and confusing.,I am frustrated that decisions are made without consulting front line providers.,
R1318,1,1,8,3,2,3,1,4,1,4,4,3,4,0,0,1,1,0,0,0,1,0,0,1,0,0,0,0,0,0,0,More information sessions would be useful.,The team-based supports have genuinely improved care for my patients.,The reporting requirements are a waste of clinical time.,The reporting requirements are a waste of clinical time.,I am frustrated that decisions are made without consulting front line providers.
R1319,0,1,10,2,1,2,3,3,1,4,5,7,4,0,0,1,1,0,0,0,0,0,0,0,0,0,0,1,1,0,0,Too much administrative burden and not enough actual support for clinics.,,I would like to see how the new model works before commenting.,,
R1320,1,1,17,5,2,2,2,99,1,4,2,6,4,1,0,0,1,0,0,0,0,1,1,1,0,0,1,1,0,0,0,The team-based supports have genuinely improved care for my patients.,,Strong local leadership and good communication. I would recommend joining.,,
R1321,1,1,4,5,1,3,2,2,1,1,3,2,1,0,1,1,1,0,0,0,1,1,0,0,0,1,0,0,0,1,0,Funding feels unstable and we are worried about losing key staff.,Strong local leadership and good communication. I would recommend joining.,,I am frustrated that decisions are made without consulting front line providers.,
R1322,1,1,17,2,1,3,3,4,1,4,4,3,2,1,0,1,0,0,0,0,0,1,0,1,0,0,0,1,0,0,0,,,Honestly the transition has been chaotic and morale is terrible.,I am frustrated that decisions are made without consulting front line providers.,There is a serious lack of transparency around how funds are allocated.
R1323,1,1,19,2,1,4,3,4,1,4,5,3,2,0,0,0,1,0,0,0,0,0,0,1,0,0,0,0,0,0,0,Honestly the transition has been chaotic and morale is terrible.,Access to allied health staff has been excellent and my patients benefit.,,,Funding feels unstable and we are worried about losing key staff.
R1324,1,1,14,5,5,2,4,3,1,3,4,5,3,1,0,0,1,1,0,1,1,0,0,0,0,0,1,0,0,0,1,Access to allied health staff has been excellent and my patients benefit.,,,,
R1325,1,1,7,1,1,88,4,4,1,3,4,5,2,0,0,1,0,1,1,0,0,1,1,0,1,0,0,0,0,1,0,,Too much administrative burden and not enough actual support for clinics.,,Strong local leadership and good communication. I would recommend joining.,
R1326,1,1,12,4,1,4,3,2,1,6,5,2,6,0,1,0,1,0,0,0,0,1,1,0,0,0,0,1,0,0,1,,,,Funding feels unstable and we are worried about losing key staff.,I am frustrated that decisions are made without consulting front line providers.
R1327,1,1,2,3,4,88,2,4,2,4,5,2,4,0,0,0,0,1,0,1,1,1,1,0,0,0,1,0,0,0,0,,,Honestly the transition has been chaotic and morale is terrible.,,
R1328,1,1,19,4,3,4,2,4,1,4,4,3,4,0,1,0,0,0,0,0,0,1,1,1,0,0,0,0,0,0,0,,Helpful onboarding and great support from the network office.,,,
R1329,1,1,7,2,4,2,4,2,88,4,4,5,3,1,0,0,0,0,0,0,0,0,0,0,0,0,0,0,1,0,1,Funding feels unstable and we are worried about losing key staff.,,I would like to see how the new model works before commenting.,Too much administrative burden and not enough actual support for clinics.,
R1330,1,2,2,4,3,3,1,2,88,3,4,5,3,0,0,0,0,1,1,1,0,0,1,0,0,0,0,0,0,0,0,Honestly the transition has been chaotic and morale is terrible.,,No additional comments at this time.,I would like to see how the new model works before commenting.,The reporting requirements are a waste of clinical time.
R1331,1,1,16,3,4,2,3,4,1,4,3,2,4,0,1,0,0,0,0,0,1,1,1,0,0,0,1,0,0,0,0,,,The team-based supports have genuinely improved care for my patients.,No additional comments at this time.,
R1332,1,1,14,4,3,4,4,3,1,3,5,4,3,0,0,0,0,0,0,1,0,1,0,1,1,0,0,0,0,0,0,The team-based supports have genuinely improved care for my patients.,Helpful onboarding and great support from the network office.,Funding feels unstable and we are worried about losing key staff.,Access to allied health staff has been excellent and my patients benefit.,
R1333,1,1,13,1,3,3,4,5,1,4,1,2,3,0,0,1,1,0,1,0,0,0,0,0,0,0,1,1,0,1,0,,,Access to allied health staff has been excellent and my patients benefit.,It depends on the needs of each community.,Our clinic recently changed locations so it is hard to compare.
R1334,1,1,2,3,4,2,3,4,1,4,3,4,3,1,0,0,1,0,0,0,0,1,0,0,0,0,1,0,0,0,1,,The after hours program works well and reduces pressure on our clinic.,,,
R1335,1,1,16,4,2,4,3,4,1,1,5,6,4,1,1,0,1,0,0,0,0,0,0,1,0,0,0,0,0,1,0,The reporting requirements are a waste of clinical time.,I would like to see how the new model works before commenting.,,More information sessions would be useful.,
R1336,1,1,13,2,2,1,3,3,1,5,3,3,7,1,0,0,1,0,0,0,0,1,0,0,0,0,0,0,0,0,0,,,No additional comments at this time.,,
R1337,1,2,16,2,3,3,4,4,88,3,3,2,3,0,0,1,1,0,0,1,0,0,0,0,0,0,1,0,1,0,0,Funding feels unstable and we are worried about losing key staff.,,I am frustrated that decisions are made without consulting front line providers.,It depends on the needs of each community.,
R1338,1,1,17,2,1,4,1,5,88,4,3,4,3,0,1,1,1,0,0,0,0,1,0,1,0,0,0,0,0,1,0,Our practice facilitator has been outstanding and made real improvements.,,Funding feels unstable and we are worried about losing key staff.,Our clinic recently changed locations so it is hard to compare.,Funding feels unstable and we are worried about losing key staff.
R1339,0,1,5,3,4,1,2,2,2,4,4,3,2,1,0,0,1,0,0,0,0,0,0,0,0,0,1,0,0,1,1,Strong local leadership and good communication. I would recommend joining.,,,Our practice facilitator has been outstanding and made real improvements.,
R1340,1,1,5,1,2,3,3,3,1,4,5,5,3,0,0,0,1,1,1,0,0,1,0,1,0,0,1,0,0,0,0,I would like to see how the new model works before commenting.,,Our practice facilitator has been outstanding and made real improvements.,I am frustrated that decisions are made without consulting front line providers.,I would like to see how the new model works before commenting.
R1341,0,1,19,88,1,4,2,3,1,4,2,3,4,1,0,0,1,0,0,0,0,1,0,1,1,1,0,0,0,0,1,The team-based supports have genuinely improved care for my patients.,Too much administrative burden and not enough actual support for clinics.,,,
R1342,1,1,11,3,2,1,3,3,99,6,1,5,2,0,0,0,0,0,0,0,0,0,0,1,0,0,1,0,0,1,0,,,,Our practice facilitator has been outstanding and made real improvements.,The reporting requirements are a waste of clinical time.
R1343,1,1,9,5,4,3,2,4,1,4,4,3,4,0,1,0,0,1,0,1,1,1,1,0,0,1,0,1,0,1,0,,,,No additional comments at this time.,
R1344,1,1,6,88,2,2,4,3,1,4,6,2,3,1,0,0,0,1,0,0,0,1,0,0,1,1,0,0,0,0,0,,More information sessions would be useful.,,It depends on the needs of each community.,Too much administrative burden and not enough actual support for clinics.
R1345,1,2,13,1,4,4,4,4,1,4,3,3,1,0,0,0,1,0,1,1,0,1,0,0,0,0,0,0,0,0,0,,,,The after hours program works well and reduces pressure on our clinic.,No additional comments at this time.
R1346,0,1,16,4,4,1,3,3,1,3,6,1,6,1,0,0,0,1,0,0,0,0,0,0,1,0,0,0,0,0,1,,The reporting requirements are a waste of clinical time.,,The team-based supports have genuinely improved care for my patients.,Helpful onboarding and great support from the network office.
R1347,1,1,1,5,1,4,4,2,1,3,5,3,3,0,0,0,0,1,0,0,0,1,1,0,0,0,1,0,1,0,0,Communication from the program has been poor and confusing.,,Strong local leadership and good communication. I would recommend joining.,The after hours program works well and reduces pressure on our clinic.,The reporting requirements are a waste of clinical time.
R1348,1,1,12,4,4,4,2,3,1,3,3,4,4,0,1,1,1,0,1,0,0,1,0,0,0,1,1,0,0,0,0,More information sessions would be useful.,Helpful onboarding and great support from the network office.,Access to allied health staff has been excellent and my patients benefit.,,
R1349,1,1,20,3,2,2,3,5,1,3,5,2,3,0,0,0,0,1,1,0,0,1,0,1,0,0,0,0,0,0,1,,,,,
R1350,1,1,6,3,2,2,2,4,1,3,4,2,6,0,0,0,1,1,1,0,0,0,0,0,0,0,0,0,0,0,0,I am frustrated that decisions are made without consulting front line providers.,,,Our practice facilitator has been outstanding and made real improvements.,Helpful onboarding and great support from the network office.
R1351,1,1,6,1,4,3,4,3,1,3,4,2,3,0,0,0,0,0,0,0,0,1,1,1,0,0,1,0,0,0,0,,,I am frustrated that decisions are made without consulting front line providers.,,Strong local leadership and good communication. I would recommend joining.
R1352,1,2,18,4,5,4,4,4,1,4,4,1,3,0,0,1,0,0,0,1,1,0,1,1,1,1,1,0,1,0,1,The after hours program works well and reduces pressure on our clinic.,,I am frustrated that decisions are made without consulting front line providers.,,
R1353,1,1,2,99,2,3,4,2,1,3,5,5,4,1,0,0,1,1,0,1,0,0,0,1,1,0,0,0,1,0,0,Communication from the program has been poor and confusing.,Our practice facilitator has been outstanding and made real improvements.,No additional comments at this time.,Communication from the program has been poor and confusing.,
R1354,1,1,8,88,3,2,4,3,88,5,5,6,3,1,0,0,0,1,0,1,0,0,0,1,1,0,0,1,1,0,1,,,Access to allied health staff has been excellent and my patients benefit.,Our clinic recently changed locations so it is hard to compare.,
R1355,1,1,10,1,2,1,4,3,1,4,5,1,3,0,0,0,1,0,1,1,0,0,0,1,0,0,1,0,1,0,0,Strong local leadership and good communication. I would recommend joining.,Helpful onboarding and great support from the network office.,,I would like to see how the new model works before commenting.,There is a serious lack of transparency around how funds are allocated.
R1356,1,1,16,4,3,99,2,99,2,4,7,4,7,0,1,0,1,1,0,1,0,0,0,0,0,0,0,0,0,1,0,Access to allied health staff has been excellent and my patients benefit.,,There is a serious lack of transparency around how funds are allocated.,More information sessions would be useful.,
R1357,1,1,3,2,3,3,4,4,2,2,4,4,4,0,0,1,1,1,0,0,0,0,1,0,0,1,0,0,0,0,0,Communication from the program has been poor and confusing.,,I would like to see how the new model works before commenting.,,Honestly the transition has been chaotic and morale is terrible.
R1358,1,1,9,5,3,4,3,4,1,4,5,7,4,1,0,0,1,1,1,0,0,1,1,1,0,0,0,0,0,0,0,,The team-based supports have genuinely improved care for my patients.,,,
R1359,1,1,4,1,3,3,3,1,2,1,5,3,4,1,0,0,1,1,1,1,0,1,1,1,0,0,0,0,0,0,1,,Too much administrative burden and not enough actual support for clinics.,,,Too much administrative burden and not enough actual support for clinics.
R1360,0,1,16,5,1,4,3,2,2,4,3,3,5,0,0,0,0,0,0,1,0,0,1,1,0,0,0,0,0,0,0,Our practice facilitator has been outstanding and made real improvements.,,,Access to allied health staff has been excellent and my patients benefit.,
R1361,1,2,13,5,4,1,2,4,1,3,2,3,5,0,0,0,1,0,1,1,0,1,0,1,0,0,0,0,0,0,1,,The reporting requirements are a waste of clinical time.,,,Too much administrative burden and not enough actual support for clinics.
R1362,1,1,10,2,4,1,2,3,1,6,4,5,4,0,0,0,1,0,0,1,0,1,1,0,0,0,1,0,0,0,0,,,Honestly the transition has been chaotic and morale is terrible.,It depends on the needs of each community.,
R1363,1,2,8,1,4,4,2,5,1,3,5,4,3,0,0,0,0,0,0,0,0,1,0,0,0,0,1,0,0,0,0,,Communication from the program has been poor and confusing.,The team-based supports have genuinely improved care for my patients.,,The team-based supports have genuinely improved care for my patients.
R1364,1,1,4,5,1,4,1,4,99,4,3,3,1,0,0,0,1,0,0,1,1,1,0,1,0,0,0,0,0,0,0,Our practice facilitator has been outstanding and made real improvements.,,Access to allied health staff has been excellent and my patients benefit.,I would like to see how the new model works before commenting.,Our clinic recently changed locations so it is hard to compare.
R1365,1,1,19,2,2,2,3,3,2,3,4,3,4,1,0,0,1,1,1,1,1,1,1,0,0,0,0,0,1,0,0,,,,No additional comments at this time.,
R1366,1,1,13,4,2,2,4,4,88,4,1,4,5,0,1,1,0,1,1,0,0,1,0,0,1,1,1,1,0,0,0,,Communication from the program has been poor and confusing.,Our practice facilitator has been outstanding and made real improvements.,Honestly the transition has been chaotic and morale is terrible.,The team-based supports have genuinely improved care for my patients.
R1367,1,2,7,5,1,3,3,99,88,4,3,5,3,0,0,1,0,0,0,1,0,1,1,1,0,0,0,0,0,0,0,,,,No additional comments at this time.,Our clinic recently changed locations so it is hard to compare.
R1368,1,1,9,4,2,3,3,3,1,3,4,3,2,0,1,1,1,1,0,0,0,1,1,0,0,0,1,1,1,0,1,I would like to see how the new model works before commenting.,,Communication from the program has been poor and confusing.,I would like to see how the new model works before commenting.,Honestly the transition has been chaotic and morale is terrible.
R1369,1,2,15,3,2,2,3,4,2,3,2,4,3,0,0,0,1,0,0,1,1,0,1,0,0,0,0,1,1,0,0,Strong local leadership and good communication. I would recommend joining.,Strong local leadership and good communication. I would recommend joining.,Too much administrative burden and not enough actual support for clinics.,,
R1370,1,1,15,3,4,4,3,5,1,2,5,3,4,0,0,0,0,0,0,0,1,1,1,1,0,0,0,0,0,0,0,,Our practice facilitator has been outstanding and made real improvements.,,Helpful onboarding and great support from the network office.,The team-based supports have genuinely improved care for my patients.
R1371,1,1,10,1,2,2,2,3,2,2,3,3,5,0,0,0,0,0,1,1,1,1,0,0,0,1,0,0,0,0,0,,,Helpful onboarding and great support from the network office.,,There is a serious lack of transparency around how funds are allocated.
R1372,1,99,7,88,4,4,4,5,1,7,5,4,2,0,0,1,1,0,0,0,0,1,0,1,0,0,0,1,0,0,1,,,,,Communication from the program has been poor and confusing.
R1373,1,1,14,2,3,1,2,2,1,3,3,4,4,1,0,0,1,0,0,0,0,1,1,0,0,0,1,0,0,0,0,,,,,Honestly the transition has been chaotic and morale is terrible.
R1374,1,2,14,2,4,1,3,4,2,1,7,6,4,0,0,0,1,1,0,0,1,0,0,1,0,0,0,0,0,0,0,,,The after hours program works well and reduces pressure on our clinic.,,
R1375,1,1,12,2,3,4,4,4,2,6,4,3,6,1,0,0,0,0,0,0,0,0,1,0,0,0,1,0,0,0,0,,Honestly the transition has been chaotic and morale is terrible.,I would like to see how the new model works before commenting.,,
R1376,0,1,2,88,3,2,3,4,1,1,2,3,2,0,0,0,0,0,0,0,0,1,0,0,0,0,1,0,0,0,0,,,,,I would like to see how the new model works before commenting.
R1377,1,1,10,1,3,4,4,3,1,3,2,3,6,0,1,1,0,0,1,1,0,1,0,0,1,0,1,1,0,0,0,,Our practice facilitator has been outstanding and made real improvements.,Communication from the program has been poor and confusing.,The reporting requirements are a waste of clinical time.,
R1378,1,1,13,5,5,1,2,4,1,4,2,2,4,1,0,0,1,0,0,0,0,1,0,0,1,0,1,1,0,0,0,,I am frustrated that decisions are made without consulting front line providers.,Access to allied health staff has been excellent and my patients benefit.,Helpful onboarding and great support from the network office.,
R1379,1,1,20,4,3,4,4,2,99,5,4,3,4,1,0,0,0,1,0,1,0,1,1,0,0,1,0,1,0,0,0,,,Honestly the transition has been chaotic and morale is terrible.,,The after hours program works well and reduces pressure on our clinic.
R1380,1,1,11,5,3,4,4,3,1,4,5,2,1,0,0,0,0,1,0,0,0,1,1,1,0,0,0,1,0,0,0,,,Honestly the transition has been chaotic and morale is terrible.,I am frustrated that decisions are made without consulting front line providers.,Honestly the transition has been chaotic and morale is terrible.
R1381,0,1,7,88,3,4,4,3,1,4,4,3,4,1,0,0,1,0,1,0,1,1,1,1,0,0,1,0,0,1,1,,It depends on the needs of each community.,Communication from the program has been poor and confusing.,,
R1382,1,1,12,5,4,1,3,4,1,6,4,2,4,0,0,0,0,0,0,1,1,0,0,0,0,0,0,0,0,1,0,Our practice facilitator has been outstanding and made real improvements.,,More information sessions would be useful.,,
R1383,1,1,4,88,1,2,4,3,1,1,4,3,3,0,0,1,1,0,0,0,1,1,0,1,1,0,0,1,0,1,0,Our practice facilitator has been outstanding and made real improvements.,I am frustrated that decisions are made without consulting front line providers.,I would like to see how the new model works before commenting.,,
R1384,1,1,2,2,3,2,99,3,1,7,4,5,3,1,0,0,1,0,0,0,0,0,0,1,0,0,0,1,1,0,1,,More information sessions would be useful.,,I would like to see how the new model works before commenting.,No additional comments at this time.
R1385,0,1,14,5,3,3,3,5,1,5,4,3,4,1,0,0,0,0,1,1,0,1,0,1,1,1,0,1,1,0,0,More information sessions would be useful.,More information sessions would be useful.,,There is a serious lack of transparency around how funds are allocated.,
R1386,1,1,20,4,5,2,4,3,2,6,4,4,4,0,0,0,1,0,0,1,0,0,0,0,0,1,1,1,0,0,0,,,The reporting requirements are a waste of clinical time.,Too much administrative burden and not enough actual support for clinics.,The team-based supports have genuinely improved care for my patients.
R1387,0,1,17,4,3,1,4,3,88,3,4,6,1,1,0,0,0,0,0,0,1,1,0,0,0,0,0,0,0,1,0,,Our clinic recently changed locations so it is hard to compare.,Our clinic recently changed locations so it is hard to compare.,The after hours program works well and reduces pressure on our clinic.,The after hours program works well and reduces pressure on our clinic.
R1388,1,1,12,5,3,2,3,3,88,2,7,4,3,0,0,0,1,0,0,1,0,0,0,1,0,0,1,0,0,0,0,There is a serious lack of transparency around how funds are allocated.,,,,Helpful onboarding and great support from the network office.
R1389,1,1,1,88,5,2,4,2,1,4,3,2,3,0,0,0,1,0,0,0,1,0,0,0,1,0,1,1,1,0,0,It depends on the needs of each community.,,,,Helpful onboarding and great support from the network office.
R1390,1,2,20,4,3,3,3,4,1,4,1,3,6,1,0,1,1,0,1,0,0,1,0,0,0,0,0,0,0,0,0,Helpful onboarding and great support from the network office.,Funding feels unstable and we are worried about losing key staff.,,It depends on the needs of each community.,
R1391,1,1,9,3,2,2,3,3,2,4,2,4,6,0,0,0,1,0,1,0,0,1,1,1,0,0,1,0,0,1,1,Helpful onboarding and great support from the network office.,No additional comments at this time.,,,
R1392,1,1,6,3,2,2,1,1,2,6,4,3,3,1,0,0,1,0,0,0,1,0,0,0,0,0,0,0,0,1,1,,,,,
R1393,1,1,18,3,1,4,2,5,1,4,3,2,2,1,0,0,0,0,0,0,0,1,0,1,0,0,0,0,0,0,0,,,,,
R1394,1,1,15,3,1,3,4,4,2,3,6,3,3,0,0,0,1,0,1,1,1,0,1,0,0,1,0,0,0,0,0,There is a serious lack of transparency around how funds are allocated.,,,,I am frustrated that decisions are made without consulting front line providers.
R1395,1,1,15,3,2,2,3,4,2,3,4,4,3,0,0,0,1,0,1,0,0,0,1,1,0,0,0,0,0,0,0,,Communication from the program has been poor and confusing.,,,Communication from the program has been poor and confusing.
R1396,1,1,6,1,4,3,3,5,2,2,4,3,5,1,0,1,0,1,0,0,0,0,1,1,0,0,0,0,0,1,0,,,Honestly the transition has been chaotic and morale is terrible.,Our practice facilitator has been outstanding and made real improvements.,
R1397,1,99,20,1,4,4,2,5,2,3,5,4,4,1,0,0,1,1,0,0,0,1,0,1,0,0,0,0,0,1,0,,No additional comments at this time.,,,Too much administrative burden and not enough actual support for clinics.
R1398,1,1,10,5,1,2,3,3,1,2,3,1,1,1,0,1,0,0,0,0,1,1,0,1,0,1,0,0,0,0,0,,,,,
R1399,1,1,11,3,3,3,4,4,1,5,5,3,1,0,0,0,1,1,1,0,0,1,1,1,0,0,0,0,0,0,0,,,Strong local leadership and good communication. I would recommend joining.,,
R1400,1,99,16,5,1,88,4,4,1,4,1,5,3,0,0,0,1,1,0,1,0,1,0,0,0,1,1,0,1,1,1,Our practice facilitator has been outstanding and made real improvements.,No additional comments at this time.,There is a serious lack of transparency around how funds are allocated.,Communication from the program has been poor and confusing.,Access to allied health staff has been excellent and my patients benefit.
R1401,1,1,14,4,5,3,1,3,1,4,4,3,5,0,0,0,0,0,0,0,0,1,0,1,1,1,0,0,0,0,0,Strong local leadership and good communication. I would recommend joining.,Funding feels unstable and we are worried about losing key staff.,The after hours program works well and reduces pressure on our clinic.,,
R1402,1,1,4,1,1,4,3,3,88,3,6,4,4,0,0,0,0,0,0,0,0,1,1,1,0,0,1,0,1,0,0,,,Helpful onboarding and great support from the network office.,Access to allied health staff has been excellent and my patients benefit.,The reporting requirements are a waste of clinical time.
R1403,1,2,7,2,3,4,3,2,1,4,5,3,4,0,0,1,0,0,0,0,1,1,0,0,0,0,1,0,0,0,0,More information sessions would be useful.,,Helpful onboarding and great support from the network office.,The reporting requirements are a waste of clinical time.,Our clinic recently changed locations so it is hard to compare.
R1404,0,2,8,2,2,1,3,4,1,5,5,3,3,1,0,0,1,0,0,0,1,0,1,0,0,0,1,0,1,0,0,Our clinic recently changed locations so it is hard to compare.,Honestly the transition has been chaotic and morale is terrible.,Strong local leadership and good communication. I would recommend joining.,Communication from the program has been poor and confusing.,Our practice facilitator has been outstanding and made real improvements.
R1405,1,1,19,88,3,3,3,4,2,5,4,6,6,1,0,0,1,1,0,1,0,0,1,0,0,0,0,1,1,1,0,,,,,I am frustrated that decisions are made without consulting front line providers.
R1406,1,1,15,2,2,4,3,4,2,4,5,3,3,0,0,0,0,0,0,1,0,0,0,0,0,0,0,0,1,0,0,,Our practice facilitator has been outstanding and made real improvements.,,The team-based supports have genuinely improved care for my patients.,
R1407,1,1,8,3,4,99,3,3,2,5,4,2,5,0,0,1,0,0,0,0,0,1,1,1,0,0,0,0,1,0,0,Honestly the transition has been chaotic and morale is terrible.,,,Our clinic recently changed locations so it is hard to compare.,Access to allied health staff has been excellent and my patients benefit.
R1408,1,1,15,5,2,3,3,2,1,4,4,6,5,1,0,0,0,0,0,0,0,1,0,0,0,0,1,0,0,0,1,,,,I would like to see how the new model works before commenting.,Communication from the program has been poor and confusing.
R1409,0,1,15,88,5,1,3,3,88,4,2,4,3,0,0,0,0,0,1,0,0,0,1,0,0,0,1,0,0,1,1,Helpful onboarding and great support from the network office.,,,I would like to see how the new model works before commenting.,
R1410,1,1,8,2,3,3,3,4,1,5,3,4,5,1,0,0,0,0,0,0,1,1,1,0,0,0,0,1,0,1,0,Our practice facilitator has been outstanding and made real improvements.,Honestly the transition has been chaotic and morale is terrible.,The after hours program works well and reduces pressure on our clinic.,,
R1411,1,1,9,1,4,1,4,5,1,3,4,1,3,0,1,1,1,0,0,0,0,1,1,0,0,0,0,1,0,0,0,The team-based supports have genuinely improved care for my patients.,,,The after hours program works well and reduces pressure on our clinic.,Access to allied health staff has been excellent and my patients benefit.
